ply
format ascii 1.0
element vertex 7426
property float x
property float y
property float z
property uchar red
property uchar green
property uchar blue
end_header
-6 0.0 -6 50 120 50
-6 4.0 -6 210 210 210
-6 0.0 -5.7407703 50 120 54
-6 4.0 -5.7407703 210 210 210
-6 0.0 -5.4815407 50 120 58
-6 4.0 -5.4815407 210 210 210
-6 0.0 -5.222311 50 120 62
-6 4.0 -5.222311 210 210 210
-6 0.0 -4.9630814 50 120 67
-6 4.0 -4.9630814 210 210 210
-6 0.0 -4.7038517 50 120 71
-6 4.0 -4.7038517 210 210 210
-6 0.0 -4.444622 50 120 75
-6 4.0 -4.444622 210 210 210
-6 0.0 -4.1853924 50 120 80
-6 4.0 -4.1853924 210 210 210
-6 0.0 -3.9261627 50 120 84
-6 4.0 -3.9261627 210 210 210
-6 0.0 -3.666933 50 120 88
-6 4.0 -3.666933 210 210 210
-6 0.0 -3.4077034 50 120 93
-6 4.0 -3.4077034 210 210 210
-6 0.0 -3.1484737 50 120 97
-6 4.0 -3.1484737 210 210 210
-6 0.0 -2.889244 50 120 101
-6 4.0 -2.889244 210 210 210
-6 0.0 -2.6300144 50 120 106
-6 4.0 -2.6300144 210 210 210
-6 0.0 -2.3707848 50 120 110
-6 4.0 -2.3707848 210 210 210
-6 0.0 -2.111555 50 120 114
-6 4.0 -2.111555 210 210 210
-6 0.0 -1.8523254 50 120 119
-6 4.0 -1.8523254 210 210 210
-6 0.0 -1.5930958 50 120 123
-6 4.0 -1.5930958 210 210 210
-6 0.0 -1.3338661 50 120 127
-6 4.0 -1.3338661 210 210 210
-6 0.0 -1.0746365 50 120 132
-6 4.0 -1.0746365 210 210 210
-6 0.0 -0.8154068 50 120 136
-6 4.0 -0.8154068 210 210 210
-6 0.0 -0.55617714 50 120 140
-6 4.0 -0.55617714 210 210 210
-6 0.0 -0.2969475 50 120 145
-6 4.0 -0.2969475 210 210 210
-6 0.0 -0.03771788 50 120 149
-6 4.0 -0.03771788 210 210 210
-6 0.0 0.22151175 50 120 153
-6 4.0 0.22151175 210 210 210
-6 0.0 0.48074138 50 120 158
-6 4.0 0.48074138 210 210 210
-6 0.0 0.73997104 50 120 162
-6 4.0 0.73997104 210 210 210
-6 0.0 0.9992007 50 120 166
-6 4.0 0.9992007 210 210 210
-6 0.0 1.2584304 50 120 170
-6 4.0 1.2584304 210 210 210
-6 0.0 1.51766 50 120 175
-6 4.0 1.51766 210 210 210
-6 0.0 1.7768897 50 120 179
-6 4.0 1.7768897 210 210 210
-6 0.0 2.0361192 50 120 183
-6 4.0 2.0361192 210 210 210
-6 0.0 2.295349 50 120 188
-6 4.0 2.295349 210 210 210
-6 0.0 2.5545785 50 120 192
-6 4.0 2.5545785 210 210 210
-6 0.0 2.8138082 50 120 196
-6 4.0 2.8138082 210 210 210
-6 0.0 3.0730379 50 120 201
-6 4.0 3.0730379 210 210 210
-6 0.0 3.3322675 50 120 205
-6 4.0 3.3322675 210 210 210
-6 0.0 3.5914972 50 120 209
-6 4.0 3.5914972 210 210 210
-6 0.0 3.8507268 50 120 214
-6 4.0 3.8507268 210 210 210
-6 0.0 4.1099563 50 120 218
-6 4.0 4.1099563 210 210 210
-6 0.0 4.369186 50 120 222
-6 4.0 4.369186 210 210 210
-6 0.0 4.6284156 50 120 227
-6 4.0 4.6284156 210 210 210
-6 0.0 4.8876452 50 120 231
-6 4.0 4.8876452 210 210 210
-6 0.0 5.146875 50 120 235
-6 4.0 5.146875 210 210 210
-6 0.0 5.4061046 50 120 240
-6 4.0 5.4061046 210 210 210
-6 0.0 5.665334 50 120 244
-6 4.0 5.665334 210 210 210
-6 0.0 5.924564 50 120 248
-6 4.0 5.924564 210 210 210
-5.7407703 0.0 -6 54 120 50
-5.7407703 4.0 -6 210 210 210
-5.7407703 0.0 -5.7407703 54 120 54
-5.7407703 4.0 -5.7407703 210 210 210
-5.7407703 0.0 -5.4815407 54 120 58
-5.7407703 4.0 -5.4815407 210 210 210
-5.7407703 0.0 -5.222311 54 120 62
-5.7407703 4.0 -5.222311 210 210 210
-5.7407703 0.0 -4.9630814 54 120 67
-5.7407703 4.0 -4.9630814 210 210 210
-5.7407703 0.0 -4.7038517 54 120 71
-5.7407703 4.0 -4.7038517 210 210 210
-5.7407703 0.0 -4.444622 54 120 75
-5.7407703 4.0 -4.444622 210 210 210
-5.7407703 0.0 -4.1853924 54 120 80
-5.7407703 4.0 -4.1853924 210 210 210
-5.7407703 0.0 -3.9261627 54 120 84
-5.7407703 4.0 -3.9261627 210 210 210
-5.7407703 0.0 -3.666933 54 120 88
-5.7407703 4.0 -3.666933 210 210 210
-5.7407703 0.0 -3.4077034 54 120 93
-5.7407703 4.0 -3.4077034 210 210 210
-5.7407703 0.0 -3.1484737 54 120 97
-5.7407703 4.0 -3.1484737 210 210 210
-5.7407703 0.0 -2.889244 54 120 101
-5.7407703 4.0 -2.889244 210 210 210
-5.7407703 0.0 -2.6300144 54 120 106
-5.7407703 4.0 -2.6300144 210 210 210
-5.7407703 0.0 -2.3707848 54 120 110
-5.7407703 4.0 -2.3707848 210 210 210
-5.7407703 0.0 -2.111555 54 120 114
-5.7407703 4.0 -2.111555 210 210 210
-5.7407703 0.0 -1.8523254 54 120 119
-5.7407703 4.0 -1.8523254 210 210 210
-5.7407703 0.0 -1.5930958 54 120 123
-5.7407703 4.0 -1.5930958 210 210 210
-5.7407703 0.0 -1.3338661 54 120 127
-5.7407703 4.0 -1.3338661 210 210 210
-5.7407703 0.0 -1.0746365 54 120 132
-5.7407703 4.0 -1.0746365 210 210 210
-5.7407703 0.0 -0.8154068 54 120 136
-5.7407703 4.0 -0.8154068 210 210 210
-5.7407703 0.0 -0.55617714 54 120 140
-5.7407703 4.0 -0.55617714 210 210 210
-5.7407703 0.0 -0.2969475 54 120 145
-5.7407703 4.0 -0.2969475 210 210 210
-5.7407703 0.0 -0.03771788 54 120 149
-5.7407703 4.0 -0.03771788 210 210 210
-5.7407703 0.0 0.22151175 54 120 153
-5.7407703 4.0 0.22151175 210 210 210
-5.7407703 0.0 0.48074138 54 120 158
-5.7407703 4.0 0.48074138 210 210 210
-5.7407703 0.0 0.73997104 54 120 162
-5.7407703 4.0 0.73997104 210 210 210
-5.7407703 0.0 0.9992007 54 120 166
-5.7407703 4.0 0.9992007 210 210 210
-5.7407703 0.0 1.2584304 54 120 170
-5.7407703 4.0 1.2584304 210 210 210
-5.7407703 0.0 1.51766 54 120 175
-5.7407703 4.0 1.51766 210 210 210
-5.7407703 0.0 1.7768897 54 120 179
-5.7407703 4.0 1.7768897 210 210 210
-5.7407703 0.0 2.0361192 54 120 183
-5.7407703 4.0 2.0361192 210 210 210
-5.7407703 0.0 2.295349 54 120 188
-5.7407703 4.0 2.295349 210 210 210
-5.7407703 0.0 2.5545785 54 120 192
-5.7407703 4.0 2.5545785 210 210 210
-5.7407703 0.0 2.8138082 54 120 196
-5.7407703 4.0 2.8138082 210 210 210
-5.7407703 0.0 3.0730379 54 120 201
-5.7407703 4.0 3.0730379 210 210 210
-5.7407703 0.0 3.3322675 54 120 205
-5.7407703 4.0 3.3322675 210 210 210
-5.7407703 0.0 3.5914972 54 120 209
-5.7407703 4.0 3.5914972 210 210 210
-5.7407703 0.0 3.8507268 54 120 214
-5.7407703 4.0 3.8507268 210 210 210
-5.7407703 0.0 4.1099563 54 120 218
-5.7407703 4.0 4.1099563 210 210 210
-5.7407703 0.0 4.369186 54 120 222
-5.7407703 4.0 4.369186 210 210 210
-5.7407703 0.0 4.6284156 54 120 227
-5.7407703 4.0 4.6284156 210 210 210
-5.7407703 0.0 4.8876452 54 120 231
-5.7407703 4.0 4.8876452 210 210 210
-5.7407703 0.0 5.146875 54 120 235
-5.7407703 4.0 5.146875 210 210 210
-5.7407703 0.0 5.4061046 54 120 240
-5.7407703 4.0 5.4061046 210 210 210
-5.7407703 0.0 5.665334 54 120 244
-5.7407703 4.0 5.665334 210 210 210
-5.7407703 0.0 5.924564 54 120 248
-5.7407703 4.0 5.924564 210 210 210
-5.4815407 0.0 -6 58 120 50
-5.4815407 4.0 -6 210 210 210
-5.4815407 0.0 -5.7407703 58 120 54
-5.4815407 4.0 -5.7407703 210 210 210
-5.4815407 0.0 -5.4815407 58 120 58
-5.4815407 4.0 -5.4815407 210 210 210
-5.4815407 0.0 -5.222311 58 120 62
-5.4815407 4.0 -5.222311 210 210 210
-5.4815407 0.0 -4.9630814 58 120 67
-5.4815407 4.0 -4.9630814 210 210 210
-5.4815407 0.0 -4.7038517 58 120 71
-5.4815407 4.0 -4.7038517 210 210 210
-5.4815407 0.0 -4.444622 58 120 75
-5.4815407 4.0 -4.444622 210 210 210
-5.4815407 0.0 -4.1853924 58 120 80
-5.4815407 4.0 -4.1853924 210 210 210
-5.4815407 0.0 -3.9261627 58 120 84
-5.4815407 4.0 -3.9261627 210 210 210
-5.4815407 0.0 -3.666933 58 120 88
-5.4815407 4.0 -3.666933 210 210 210
-5.4815407 0.0 -3.4077034 58 120 93
-5.4815407 4.0 -3.4077034 210 210 210
-5.4815407 0.0 -3.1484737 58 120 97
-5.4815407 4.0 -3.1484737 210 210 210
-5.4815407 0.0 -2.889244 58 120 101
-5.4815407 4.0 -2.889244 210 210 210
-5.4815407 0.0 -2.6300144 58 120 106
-5.4815407 4.0 -2.6300144 210 210 210
-5.4815407 0.0 -2.3707848 58 120 110
-5.4815407 4.0 -2.3707848 210 210 210
-5.4815407 0.0 -2.111555 58 120 114
-5.4815407 4.0 -2.111555 210 210 210
-5.4815407 0.0 -1.8523254 58 120 119
-5.4815407 4.0 -1.8523254 210 210 210
-5.4815407 0.0 -1.5930958 58 120 123
-5.4815407 4.0 -1.5930958 210 210 210
-5.4815407 0.0 -1.3338661 58 120 127
-5.4815407 4.0 -1.3338661 210 210 210
-5.4815407 0.0 -1.0746365 58 120 132
-5.4815407 4.0 -1.0746365 210 210 210
-5.4815407 0.0 -0.8154068 58 120 136
-5.4815407 4.0 -0.8154068 210 210 210
-5.4815407 0.0 -0.55617714 58 120 140
-5.4815407 4.0 -0.55617714 210 210 210
-5.4815407 0.0 -0.2969475 58 120 145
-5.4815407 4.0 -0.2969475 210 210 210
-5.4815407 0.0 -0.03771788 58 120 149
-5.4815407 4.0 -0.03771788 210 210 210
-5.4815407 0.0 0.22151175 58 120 153
-5.4815407 4.0 0.22151175 210 210 210
-5.4815407 0.0 0.48074138 58 120 158
-5.4815407 4.0 0.48074138 210 210 210
-5.4815407 0.0 0.73997104 58 120 162
-5.4815407 4.0 0.73997104 210 210 210
-5.4815407 0.0 0.9992007 58 120 166
-5.4815407 4.0 0.9992007 210 210 210
-5.4815407 0.0 1.2584304 58 120 170
-5.4815407 4.0 1.2584304 210 210 210
-5.4815407 0.0 1.51766 58 120 175
-5.4815407 4.0 1.51766 210 210 210
-5.4815407 0.0 1.7768897 58 120 179
-5.4815407 4.0 1.7768897 210 210 210
-5.4815407 0.0 2.0361192 58 120 183
-5.4815407 4.0 2.0361192 210 210 210
-5.4815407 0.0 2.295349 58 120 188
-5.4815407 4.0 2.295349 210 210 210
-5.4815407 0.0 2.5545785 58 120 192
-5.4815407 4.0 2.5545785 210 210 210
-5.4815407 0.0 2.8138082 58 120 196
-5.4815407 4.0 2.8138082 210 210 210
-5.4815407 0.0 3.0730379 58 120 201
-5.4815407 4.0 3.0730379 210 210 210
-5.4815407 0.0 3.3322675 58 120 205
-5.4815407 4.0 3.3322675 210 210 210
-5.4815407 0.0 3.5914972 58 120 209
-5.4815407 4.0 3.5914972 210 210 210
-5.4815407 0.0 3.8507268 58 120 214
-5.4815407 4.0 3.8507268 210 210 210
-5.4815407 0.0 4.1099563 58 120 218
-5.4815407 4.0 4.1099563 210 210 210
-5.4815407 0.0 4.369186 58 120 222
-5.4815407 4.0 4.369186 210 210 210
-5.4815407 0.0 4.6284156 58 120 227
-5.4815407 4.0 4.6284156 210 210 210
-5.4815407 0.0 4.8876452 58 120 231
-5.4815407 4.0 4.8876452 210 210 210
-5.4815407 0.0 5.146875 58 120 235
-5.4815407 4.0 5.146875 210 210 210
-5.4815407 0.0 5.4061046 58 120 240
-5.4815407 4.0 5.4061046 210 210 210
-5.4815407 0.0 5.665334 58 120 244
-5.4815407 4.0 5.665334 210 210 210
-5.4815407 0.0 5.924564 58 120 248
-5.4815407 4.0 5.924564 210 210 210
-5.222311 0.0 -6 62 120 50
-5.222311 4.0 -6 210 210 210
-5.222311 0.0 -5.7407703 62 120 54
-5.222311 4.0 -5.7407703 210 210 210
-5.222311 0.0 -5.4815407 62 120 58
-5.222311 4.0 -5.4815407 210 210 210
-5.222311 0.0 -5.222311 62 120 62
-5.222311 4.0 -5.222311 210 210 210
-5.222311 0.0 -4.9630814 62 120 67
-5.222311 4.0 -4.9630814 210 210 210
-5.222311 0.0 -4.7038517 62 120 71
-5.222311 4.0 -4.7038517 210 210 210
-5.222311 0.0 -4.444622 62 120 75
-5.222311 4.0 -4.444622 210 210 210
-5.222311 0.0 -4.1853924 62 120 80
-5.222311 4.0 -4.1853924 210 210 210
-5.222311 0.0 -3.9261627 62 120 84
-5.222311 4.0 -3.9261627 210 210 210
-5.222311 0.0 -3.666933 62 120 88
-5.222311 4.0 -3.666933 210 210 210
-5.222311 0.0 -3.4077034 62 120 93
-5.222311 4.0 -3.4077034 210 210 210
-5.222311 0.0 -3.1484737 62 120 97
-5.222311 4.0 -3.1484737 210 210 210
-5.222311 0.0 -2.889244 62 120 101
-5.222311 4.0 -2.889244 210 210 210
-5.222311 0.0 -2.6300144 62 120 106
-5.222311 4.0 -2.6300144 210 210 210
-5.222311 0.0 -2.3707848 62 120 110
-5.222311 4.0 -2.3707848 210 210 210
-5.222311 0.0 -2.111555 62 120 114
-5.222311 4.0 -2.111555 210 210 210
-5.222311 0.0 -1.8523254 62 120 119
-5.222311 4.0 -1.8523254 210 210 210
-5.222311 0.0 -1.5930958 62 120 123
-5.222311 4.0 -1.5930958 210 210 210
-5.222311 0.0 -1.3338661 62 120 127
-5.222311 4.0 -1.3338661 210 210 210
-5.222311 0.0 -1.0746365 62 120 132
-5.222311 4.0 -1.0746365 210 210 210
-5.222311 0.0 -0.8154068 62 120 136
-5.222311 4.0 -0.8154068 210 210 210
-5.222311 0.0 -0.55617714 62 120 140
-5.222311 4.0 -0.55617714 210 210 210
-5.222311 0.0 -0.2969475 62 120 145
-5.222311 4.0 -0.2969475 210 210 210
-5.222311 0.0 -0.03771788 62 120 149
-5.222311 4.0 -0.03771788 210 210 210
-5.222311 0.0 0.22151175 62 120 153
-5.222311 4.0 0.22151175 210 210 210
-5.222311 0.0 0.48074138 62 120 158
-5.222311 4.0 0.48074138 210 210 210
-5.222311 0.0 0.73997104 62 120 162
-5.222311 4.0 0.73997104 210 210 210
-5.222311 0.0 0.9992007 62 120 166
-5.222311 4.0 0.9992007 210 210 210
-5.222311 0.0 1.2584304 62 120 170
-5.222311 4.0 1.2584304 210 210 210
-5.222311 0.0 1.51766 62 120 175
-5.222311 4.0 1.51766 210 210 210
-5.222311 0.0 1.7768897 62 120 179
-5.222311 4.0 1.7768897 210 210 210
-5.222311 0.0 2.0361192 62 120 183
-5.222311 4.0 2.0361192 210 210 210
-5.222311 0.0 2.295349 62 120 188
-5.222311 4.0 2.295349 210 210 210
-5.222311 0.0 2.5545785 62 120 192
-5.222311 4.0 2.5545785 210 210 210
-5.222311 0.0 2.8138082 62 120 196
-5.222311 4.0 2.8138082 210 210 210
-5.222311 0.0 3.0730379 62 120 201
-5.222311 4.0 3.0730379 210 210 210
-5.222311 0.0 3.3322675 62 120 205
-5.222311 4.0 3.3322675 210 210 210
-5.222311 0.0 3.5914972 62 120 209
-5.222311 4.0 3.5914972 210 210 210
-5.222311 0.0 3.8507268 62 120 214
-5.222311 4.0 3.8507268 210 210 210
-5.222311 0.0 4.1099563 62 120 218
-5.222311 4.0 4.1099563 210 210 210
-5.222311 0.0 4.369186 62 120 222
-5.222311 4.0 4.369186 210 210 210
-5.222311 0.0 4.6284156 62 120 227
-5.222311 4.0 4.6284156 210 210 210
-5.222311 0.0 4.8876452 62 120 231
-5.222311 4.0 4.8876452 210 210 210
-5.222311 0.0 5.146875 62 120 235
-5.222311 4.0 5.146875 210 210 210
-5.222311 0.0 5.4061046 62 120 240
-5.222311 4.0 5.4061046 210 210 210
-5.222311 0.0 5.665334 62 120 244
-5.222311 4.0 5.665334 210 210 210
-5.222311 0.0 5.924564 62 120 248
-5.222311 4.0 5.924564 210 210 210
-4.9630814 0.0 -6 67 120 50
-4.9630814 4.0 -6 210 210 210
-4.9630814 0.0 -5.7407703 67 120 54
-4.9630814 4.0 -5.7407703 210 210 210
-4.9630814 0.0 -5.4815407 67 120 58
-4.9630814 4.0 -5.4815407 210 210 210
-4.9630814 0.0 -5.222311 67 120 62
-4.9630814 4.0 -5.222311 210 210 210
-4.9630814 0.0 -4.9630814 67 120 67
-4.9630814 4.0 -4.9630814 210 210 210
-4.9630814 0.0 -4.7038517 67 120 71
-4.9630814 4.0 -4.7038517 210 210 210
-4.9630814 0.0 -4.444622 67 120 75
-4.9630814 4.0 -4.444622 210 210 210
-4.9630814 0.0 -4.1853924 67 120 80
-4.9630814 4.0 -4.1853924 210 210 210
-4.9630814 0.0 -3.9261627 67 120 84
-4.9630814 4.0 -3.9261627 210 210 210
-4.9630814 0.0 -3.666933 67 120 88
-4.9630814 4.0 -3.666933 210 210 210
-4.9630814 0.0 -3.4077034 67 120 93
-4.9630814 4.0 -3.4077034 210 210 210
-4.9630814 0.0 -3.1484737 67 120 97
-4.9630814 4.0 -3.1484737 210 210 210
-4.9630814 0.0 -2.889244 67 120 101
-4.9630814 4.0 -2.889244 210 210 210
-4.9630814 0.0 -2.6300144 67 120 106
-4.9630814 4.0 -2.6300144 210 210 210
-4.9630814 0.0 -2.3707848 67 120 110
-4.9630814 4.0 -2.3707848 210 210 210
-4.9630814 0.0 -2.111555 67 120 114
-4.9630814 4.0 -2.111555 210 210 210
-4.9630814 0.0 -1.8523254 67 120 119
-4.9630814 4.0 -1.8523254 210 210 210
-4.9630814 0.0 -1.5930958 67 120 123
-4.9630814 4.0 -1.5930958 210 210 210
-4.9630814 0.0 -1.3338661 67 120 127
-4.9630814 4.0 -1.3338661 210 210 210
-4.9630814 0.0 -1.0746365 67 120 132
-4.9630814 4.0 -1.0746365 210 210 210
-4.9630814 0.0 -0.8154068 67 120 136
-4.9630814 4.0 -0.8154068 210 210 210
-4.9630814 0.0 -0.55617714 67 120 140
-4.9630814 4.0 -0.55617714 210 210 210
-4.9630814 0.0 -0.2969475 67 120 145
-4.9630814 4.0 -0.2969475 210 210 210
-4.9630814 0.0 -0.03771788 67 120 149
-4.9630814 4.0 -0.03771788 210 210 210
-4.9630814 0.0 0.22151175 67 120 153
-4.9630814 4.0 0.22151175 210 210 210
-4.9630814 0.0 0.48074138 67 120 158
-4.9630814 4.0 0.48074138 210 210 210
-4.9630814 0.0 0.73997104 67 120 162
-4.9630814 4.0 0.73997104 210 210 210
-4.9630814 0.0 0.9992007 67 120 166
-4.9630814 4.0 0.9992007 210 210 210
-4.9630814 0.0 1.2584304 67 120 170
-4.9630814 4.0 1.2584304 210 210 210
-4.9630814 0.0 1.51766 67 120 175
-4.9630814 4.0 1.51766 210 210 210
-4.9630814 0.0 1.7768897 67 120 179
-4.9630814 4.0 1.7768897 210 210 210
-4.9630814 0.0 2.0361192 67 120 183
-4.9630814 4.0 2.0361192 210 210 210
-4.9630814 0.0 2.295349 67 120 188
-4.9630814 4.0 2.295349 210 210 210
-4.9630814 0.0 2.5545785 67 120 192
-4.9630814 4.0 2.5545785 210 210 210
-4.9630814 0.0 2.8138082 67 120 196
-4.9630814 4.0 2.8138082 210 210 210
-4.9630814 0.0 3.0730379 67 120 201
-4.9630814 4.0 3.0730379 210 210 210
-4.9630814 0.0 3.3322675 67 120 205
-4.9630814 4.0 3.3322675 210 210 210
-4.9630814 0.0 3.5914972 67 120 209
-4.9630814 4.0 3.5914972 210 210 210
-4.9630814 0.0 3.8507268 67 120 214
-4.9630814 4.0 3.8507268 210 210 210
-4.9630814 0.0 4.1099563 67 120 218
-4.9630814 4.0 4.1099563 210 210 210
-4.9630814 0.0 4.369186 67 120 222
-4.9630814 4.0 4.369186 210 210 210
-4.9630814 0.0 4.6284156 67 120 227
-4.9630814 4.0 4.6284156 210 210 210
-4.9630814 0.0 4.8876452 67 120 231
-4.9630814 4.0 4.8876452 210 210 210
-4.9630814 0.0 5.146875 67 120 235
-4.9630814 4.0 5.146875 210 210 210
-4.9630814 0.0 5.4061046 67 120 240
-4.9630814 4.0 5.4061046 210 210 210
-4.9630814 0.0 5.665334 67 120 244
-4.9630814 4.0 5.665334 210 210 210
-4.9630814 0.0 5.924564 67 120 248
-4.9630814 4.0 5.924564 210 210 210
-4.7038517 0.0 -6 71 120 50
-4.7038517 4.0 -6 210 210 210
-4.7038517 0.0 -5.7407703 71 120 54
-4.7038517 4.0 -5.7407703 210 210 210
-4.7038517 0.0 -5.4815407 71 120 58
-4.7038517 4.0 -5.4815407 210 210 210
-4.7038517 0.0 -5.222311 71 120 62
-4.7038517 4.0 -5.222311 210 210 210
-4.7038517 0.0 -4.9630814 71 120 67
-4.7038517 4.0 -4.9630814 210 210 210
-4.7038517 0.0 -4.7038517 71 120 71
-4.7038517 4.0 -4.7038517 210 210 210
-4.7038517 0.0 -4.444622 71 120 75
-4.7038517 4.0 -4.444622 210 210 210
-4.7038517 0.0 -4.1853924 71 120 80
-4.7038517 4.0 -4.1853924 210 210 210
-4.7038517 0.0 -3.9261627 71 120 84
-4.7038517 4.0 -3.9261627 210 210 210
-4.7038517 0.0 -3.666933 71 120 88
-4.7038517 4.0 -3.666933 210 210 210
-4.7038517 0.0 -3.4077034 71 120 93
-4.7038517 4.0 -3.4077034 210 210 210
-4.7038517 0.0 -3.1484737 71 120 97
-4.7038517 4.0 -3.1484737 210 210 210
-4.7038517 0.0 -2.889244 71 120 101
-4.7038517 4.0 -2.889244 210 210 210
-4.7038517 0.0 -2.6300144 71 120 106
-4.7038517 4.0 -2.6300144 210 210 210
-4.7038517 0.0 -2.3707848 71 120 110
-4.7038517 4.0 -2.3707848 210 210 210
-4.7038517 0.0 -2.111555 71 120 114
-4.7038517 4.0 -2.111555 210 210 210
-4.7038517 0.0 -1.8523254 71 120 119
-4.7038517 4.0 -1.8523254 210 210 210
-4.7038517 0.0 -1.5930958 71 120 123
-4.7038517 4.0 -1.5930958 210 210 210
-4.7038517 0.0 -1.3338661 71 120 127
-4.7038517 4.0 -1.3338661 210 210 210
-4.7038517 0.0 -1.0746365 71 120 132
-4.7038517 4.0 -1.0746365 210 210 210
-4.7038517 0.0 -0.8154068 71 120 136
-4.7038517 4.0 -0.8154068 210 210 210
-4.7038517 0.0 -0.55617714 71 120 140
-4.7038517 4.0 -0.55617714 210 210 210
-4.7038517 0.0 -0.2969475 71 120 145
-4.7038517 4.0 -0.2969475 210 210 210
-4.7038517 0.0 -0.03771788 71 120 149
-4.7038517 4.0 -0.03771788 210 210 210
-4.7038517 0.0 0.22151175 71 120 153
-4.7038517 4.0 0.22151175 210 210 210
-4.7038517 0.0 0.48074138 71 120 158
-4.7038517 4.0 0.48074138 210 210 210
-4.7038517 0.0 0.73997104 71 120 162
-4.7038517 4.0 0.73997104 210 210 210
-4.7038517 0.0 0.9992007 71 120 166
-4.7038517 4.0 0.9992007 210 210 210
-4.7038517 0.0 1.2584304 71 120 170
-4.7038517 4.0 1.2584304 210 210 210
-4.7038517 0.0 1.51766 71 120 175
-4.7038517 4.0 1.51766 210 210 210
-4.7038517 0.0 1.7768897 71 120 179
-4.7038517 4.0 1.7768897 210 210 210
-4.7038517 0.0 2.0361192 71 120 183
-4.7038517 4.0 2.0361192 210 210 210
-4.7038517 0.0 2.295349 71 120 188
-4.7038517 4.0 2.295349 210 210 210
-4.7038517 0.0 2.5545785 71 120 192
-4.7038517 4.0 2.5545785 210 210 210
-4.7038517 0.0 2.8138082 71 120 196
-4.7038517 4.0 2.8138082 210 210 210
-4.7038517 0.0 3.0730379 71 120 201
-4.7038517 4.0 3.0730379 210 210 210
-4.7038517 0.0 3.3322675 71 120 205
-4.7038517 4.0 3.3322675 210 210 210
-4.7038517 0.0 3.5914972 71 120 209
-4.7038517 4.0 3.5914972 210 210 210
-4.7038517 0.0 3.8507268 71 120 214
-4.7038517 4.0 3.8507268 210 210 210
-4.7038517 0.0 4.1099563 71 120 218
-4.7038517 4.0 4.1099563 210 210 210
-4.7038517 0.0 4.369186 71 120 222
-4.7038517 4.0 4.369186 210 210 210
-4.7038517 0.0 4.6284156 71 120 227
-4.7038517 4.0 4.6284156 210 210 210
-4.7038517 0.0 4.8876452 71 120 231
-4.7038517 4.0 4.8876452 210 210 210
-4.7038517 0.0 5.146875 71 120 235
-4.7038517 4.0 5.146875 210 210 210
-4.7038517 0.0 5.4061046 71 120 240
-4.7038517 4.0 5.4061046 210 210 210
-4.7038517 0.0 5.665334 71 120 244
-4.7038517 4.0 5.665334 210 210 210
-4.7038517 0.0 5.924564 71 120 248
-4.7038517 4.0 5.924564 210 210 210
-4.444622 0.0 -6 75 120 50
-4.444622 4.0 -6 210 210 210
-4.444622 0.0 -5.7407703 75 120 54
-4.444622 4.0 -5.7407703 210 210 210
-4.444622 0.0 -5.4815407 75 120 58
-4.444622 4.0 -5.4815407 210 210 210
-4.444622 0.0 -5.222311 75 120 62
-4.444622 4.0 -5.222311 210 210 210
-4.444622 0.0 -4.9630814 75 120 67
-4.444622 4.0 -4.9630814 210 210 210
-4.444622 0.0 -4.7038517 75 120 71
-4.444622 4.0 -4.7038517 210 210 210
-4.444622 0.0 -4.444622 75 120 75
-4.444622 4.0 -4.444622 210 210 210
-4.444622 0.0 -4.1853924 75 120 80
-4.444622 4.0 -4.1853924 210 210 210
-4.444622 0.0 -3.9261627 75 120 84
-4.444622 4.0 -3.9261627 210 210 210
-4.444622 0.0 -3.666933 75 120 88
-4.444622 4.0 -3.666933 210 210 210
-4.444622 0.0 -3.4077034 75 120 93
-4.444622 4.0 -3.4077034 210 210 210
-4.444622 0.0 -3.1484737 75 120 97
-4.444622 4.0 -3.1484737 210 210 210
-4.444622 0.0 -2.889244 75 120 101
-4.444622 4.0 -2.889244 210 210 210
-4.444622 0.0 -2.6300144 75 120 106
-4.444622 4.0 -2.6300144 210 210 210
-4.444622 0.0 -2.3707848 75 120 110
-4.444622 4.0 -2.3707848 210 210 210
-4.444622 0.0 -2.111555 75 120 114
-4.444622 4.0 -2.111555 210 210 210
-4.444622 0.0 -1.8523254 75 120 119
-4.444622 4.0 -1.8523254 210 210 210
-4.444622 0.0 -1.5930958 75 120 123
-4.444622 4.0 -1.5930958 210 210 210
-4.444622 0.0 -1.3338661 75 120 127
-4.444622 4.0 -1.3338661 210 210 210
-4.444622 0.0 -1.0746365 75 120 132
-4.444622 4.0 -1.0746365 210 210 210
-4.444622 0.0 -0.8154068 75 120 136
-4.444622 4.0 -0.8154068 210 210 210
-4.444622 0.0 -0.55617714 75 120 140
-4.444622 4.0 -0.55617714 210 210 210
-4.444622 0.0 -0.2969475 75 120 145
-4.444622 4.0 -0.2969475 210 210 210
-4.444622 0.0 -0.03771788 75 120 149
-4.444622 4.0 -0.03771788 210 210 210
-4.444622 0.0 0.22151175 75 120 153
-4.444622 4.0 0.22151175 210 210 210
-4.444622 0.0 0.48074138 75 120 158
-4.444622 4.0 0.48074138 210 210 210
-4.444622 0.0 0.73997104 75 120 162
-4.444622 4.0 0.73997104 210 210 210
-4.444622 0.0 0.9992007 75 120 166
-4.444622 4.0 0.9992007 210 210 210
-4.444622 0.0 1.2584304 75 120 170
-4.444622 4.0 1.2584304 210 210 210
-4.444622 0.0 1.51766 75 120 175
-4.444622 4.0 1.51766 210 210 210
-4.444622 0.0 1.7768897 75 120 179
-4.444622 4.0 1.7768897 210 210 210
-4.444622 0.0 2.0361192 75 120 183
-4.444622 4.0 2.0361192 210 210 210
-4.444622 0.0 2.295349 75 120 188
-4.444622 4.0 2.295349 210 210 210
-4.444622 0.0 2.5545785 75 120 192
-4.444622 4.0 2.5545785 210 210 210
-4.444622 0.0 2.8138082 75 120 196
-4.444622 4.0 2.8138082 210 210 210
-4.444622 0.0 3.0730379 75 120 201
-4.444622 4.0 3.0730379 210 210 210
-4.444622 0.0 3.3322675 75 120 205
-4.444622 4.0 3.3322675 210 210 210
-4.444622 0.0 3.5914972 75 120 209
-4.444622 4.0 3.5914972 210 210 210
-4.444622 0.0 3.8507268 75 120 214
-4.444622 4.0 3.8507268 210 210 210
-4.444622 0.0 4.1099563 75 120 218
-4.444622 4.0 4.1099563 210 210 210
-4.444622 0.0 4.369186 75 120 222
-4.444622 4.0 4.369186 210 210 210
-4.444622 0.0 4.6284156 75 120 227
-4.444622 4.0 4.6284156 210 210 210
-4.444622 0.0 4.8876452 75 120 231
-4.444622 4.0 4.8876452 210 210 210
-4.444622 0.0 5.146875 75 120 235
-4.444622 4.0 5.146875 210 210 210
-4.444622 0.0 5.4061046 75 120 240
-4.444622 4.0 5.4061046 210 210 210
-4.444622 0.0 5.665334 75 120 244
-4.444622 4.0 5.665334 210 210 210
-4.444622 0.0 5.924564 75 120 248
-4.444622 4.0 5.924564 210 210 210
-4.1853924 0.0 -6 80 120 50
-4.1853924 4.0 -6 210 210 210
-4.1853924 0.0 -5.7407703 80 120 54
-4.1853924 4.0 -5.7407703 210 210 210
-4.1853924 0.0 -5.4815407 80 120 58
-4.1853924 4.0 -5.4815407 210 210 210
-4.1853924 0.0 -5.222311 80 120 62
-4.1853924 4.0 -5.222311 210 210 210
-4.1853924 0.0 -4.9630814 80 120 67
-4.1853924 4.0 -4.9630814 210 210 210
-4.1853924 0.0 -4.7038517 80 120 71
-4.1853924 4.0 -4.7038517 210 210 210
-4.1853924 0.0 -4.444622 80 120 75
-4.1853924 4.0 -4.444622 210 210 210
-4.1853924 0.0 -4.1853924 80 120 80
-4.1853924 4.0 -4.1853924 210 210 210
-4.1853924 0.0 -3.9261627 80 120 84
-4.1853924 4.0 -3.9261627 210 210 210
-4.1853924 0.0 -3.666933 80 120 88
-4.1853924 4.0 -3.666933 210 210 210
-4.1853924 0.0 -3.4077034 80 120 93
-4.1853924 4.0 -3.4077034 210 210 210
-4.1853924 0.0 -3.1484737 80 120 97
-4.1853924 4.0 -3.1484737 210 210 210
-4.1853924 0.0 -2.889244 80 120 101
-4.1853924 4.0 -2.889244 210 210 210
-4.1853924 0.0 -2.6300144 80 120 106
-4.1853924 4.0 -2.6300144 210 210 210
-4.1853924 0.0 -2.3707848 80 120 110
-4.1853924 4.0 -2.3707848 210 210 210
-4.1853924 0.0 -2.111555 80 120 114
-4.1853924 4.0 -2.111555 210 210 210
-4.1853924 0.0 -1.8523254 80 120 119
-4.1853924 4.0 -1.8523254 210 210 210
-4.1853924 0.0 -1.5930958 80 120 123
-4.1853924 4.0 -1.5930958 210 210 210
-4.1853924 0.0 -1.3338661 80 120 127
-4.1853924 4.0 -1.3338661 210 210 210
-4.1853924 0.0 -1.0746365 80 120 132
-4.1853924 4.0 -1.0746365 210 210 210
-4.1853924 0.0 -0.8154068 80 120 136
-4.1853924 4.0 -0.8154068 210 210 210
-4.1853924 0.0 -0.55617714 80 120 140
-4.1853924 4.0 -0.55617714 210 210 210
-4.1853924 0.0 -0.2969475 80 120 145
-4.1853924 4.0 -0.2969475 210 210 210
-4.1853924 0.0 -0.03771788 80 120 149
-4.1853924 4.0 -0.03771788 210 210 210
-4.1853924 0.0 0.22151175 80 120 153
-4.1853924 4.0 0.22151175 210 210 210
-4.1853924 0.0 0.48074138 80 120 158
-4.1853924 4.0 0.48074138 210 210 210
-4.1853924 0.0 0.73997104 80 120 162
-4.1853924 4.0 0.73997104 210 210 210
-4.1853924 0.0 0.9992007 80 120 166
-4.1853924 4.0 0.9992007 210 210 210
-4.1853924 0.0 1.2584304 80 120 170
-4.1853924 4.0 1.2584304 210 210 210
-4.1853924 0.0 1.51766 80 120 175
-4.1853924 4.0 1.51766 210 210 210
-4.1853924 0.0 1.7768897 80 120 179
-4.1853924 4.0 1.7768897 210 210 210
-4.1853924 0.0 2.0361192 80 120 183
-4.1853924 4.0 2.0361192 210 210 210
-4.1853924 0.0 2.295349 80 120 188
-4.1853924 4.0 2.295349 210 210 210
-4.1853924 0.0 2.5545785 80 120 192
-4.1853924 4.0 2.5545785 210 210 210
-4.1853924 0.0 2.8138082 80 120 196
-4.1853924 4.0 2.8138082 210 210 210
-4.1853924 0.0 3.0730379 80 120 201
-4.1853924 4.0 3.0730379 210 210 210
-4.1853924 0.0 3.3322675 80 120 205
-4.1853924 4.0 3.3322675 210 210 210
-4.1853924 0.0 3.5914972 80 120 209
-4.1853924 4.0 3.5914972 210 210 210
-4.1853924 0.0 3.8507268 80 120 214
-4.1853924 4.0 3.8507268 210 210 210
-4.1853924 0.0 4.1099563 80 120 218
-4.1853924 4.0 4.1099563 210 210 210
-4.1853924 0.0 4.369186 80 120 222
-4.1853924 4.0 4.369186 210 210 210
-4.1853924 0.0 4.6284156 80 120 227
-4.1853924 4.0 4.6284156 210 210 210
-4.1853924 0.0 4.8876452 80 120 231
-4.1853924 4.0 4.8876452 210 210 210
-4.1853924 0.0 5.146875 80 120 235
-4.1853924 4.0 5.146875 210 210 210
-4.1853924 0.0 5.4061046 80 120 240
-4.1853924 4.0 5.4061046 210 210 210
-4.1853924 0.0 5.665334 80 120 244
-4.1853924 4.0 5.665334 210 210 210
-4.1853924 0.0 5.924564 80 120 248
-4.1853924 4.0 5.924564 210 210 210
-3.9261627 0.0 -6 84 120 50
-3.9261627 4.0 -6 210 210 210
-3.9261627 0.0 -5.7407703 84 120 54
-3.9261627 4.0 -5.7407703 210 210 210
-3.9261627 0.0 -5.4815407 84 120 58
-3.9261627 4.0 -5.4815407 210 210 210
-3.9261627 0.0 -5.222311 84 120 62
-3.9261627 4.0 -5.222311 210 210 210
-3.9261627 0.0 -4.9630814 84 120 67
-3.9261627 4.0 -4.9630814 210 210 210
-3.9261627 0.0 -4.7038517 84 120 71
-3.9261627 4.0 -4.7038517 210 210 210
-3.9261627 0.0 -4.444622 84 120 75
-3.9261627 4.0 -4.444622 210 210 210
-3.9261627 0.0 -4.1853924 84 120 80
-3.9261627 4.0 -4.1853924 210 210 210
-3.9261627 0.0 -3.9261627 84 120 84
-3.9261627 4.0 -3.9261627 210 210 210
-3.9261627 0.0 -3.666933 84 120 88
-3.9261627 4.0 -3.666933 210 210 210
-3.9261627 0.0 -3.4077034 84 120 93
-3.9261627 4.0 -3.4077034 210 210 210
-3.9261627 0.0 -3.1484737 84 120 97
-3.9261627 4.0 -3.1484737 210 210 210
-3.9261627 0.0 -2.889244 84 120 101
-3.9261627 4.0 -2.889244 210 210 210
-3.9261627 0.0 -2.6300144 84 120 106
-3.9261627 4.0 -2.6300144 210 210 210
-3.9261627 0.0 -2.3707848 84 120 110
-3.9261627 4.0 -2.3707848 210 210 210
-3.9261627 0.0 -2.111555 84 120 114
-3.9261627 4.0 -2.111555 210 210 210
-3.9261627 0.0 -1.8523254 84 120 119
-3.9261627 4.0 -1.8523254 210 210 210
-3.9261627 0.0 -1.5930958 84 120 123
-3.9261627 4.0 -1.5930958 210 210 210
-3.9261627 0.0 -1.3338661 84 120 127
-3.9261627 4.0 -1.3338661 210 210 210
-3.9261627 0.0 -1.0746365 84 120 132
-3.9261627 4.0 -1.0746365 210 210 210
-3.9261627 0.0 -0.8154068 84 120 136
-3.9261627 4.0 -0.8154068 210 210 210
-3.9261627 0.0 -0.55617714 84 120 140
-3.9261627 4.0 -0.55617714 210 210 210
-3.9261627 0.0 -0.2969475 84 120 145
-3.9261627 4.0 -0.2969475 210 210 210
-3.9261627 0.0 -0.03771788 84 120 149
-3.9261627 4.0 -0.03771788 210 210 210
-3.9261627 0.0 0.22151175 84 120 153
-3.9261627 4.0 0.22151175 210 210 210
-3.9261627 0.0 0.48074138 84 120 158
-3.9261627 4.0 0.48074138 210 210 210
-3.9261627 0.0 0.73997104 84 120 162
-3.9261627 4.0 0.73997104 210 210 210
-3.9261627 0.0 0.9992007 84 120 166
-3.9261627 4.0 0.9992007 210 210 210
-3.9261627 0.0 1.2584304 84 120 170
-3.9261627 4.0 1.2584304 210 210 210
-3.9261627 0.0 1.51766 84 120 175
-3.9261627 4.0 1.51766 210 210 210
-3.9261627 0.0 1.7768897 84 120 179
-3.9261627 4.0 1.7768897 210 210 210
-3.9261627 0.0 2.0361192 84 120 183
-3.9261627 4.0 2.0361192 210 210 210
-3.9261627 0.0 2.295349 84 120 188
-3.9261627 4.0 2.295349 210 210 210
-3.9261627 0.0 2.5545785 84 120 192
-3.9261627 4.0 2.5545785 210 210 210
-3.9261627 0.0 2.8138082 84 120 196
-3.9261627 4.0 2.8138082 210 210 210
-3.9261627 0.0 3.0730379 84 120 201
-3.9261627 4.0 3.0730379 210 210 210
-3.9261627 0.0 3.3322675 84 120 205
-3.9261627 4.0 3.3322675 210 210 210
-3.9261627 0.0 3.5914972 84 120 209
-3.9261627 4.0 3.5914972 210 210 210
-3.9261627 0.0 3.8507268 84 120 214
-3.9261627 4.0 3.8507268 210 210 210
-3.9261627 0.0 4.1099563 84 120 218
-3.9261627 4.0 4.1099563 210 210 210
-3.9261627 0.0 4.369186 84 120 222
-3.9261627 4.0 4.369186 210 210 210
-3.9261627 0.0 4.6284156 84 120 227
-3.9261627 4.0 4.6284156 210 210 210
-3.9261627 0.0 4.8876452 84 120 231
-3.9261627 4.0 4.8876452 210 210 210
-3.9261627 0.0 5.146875 84 120 235
-3.9261627 4.0 5.146875 210 210 210
-3.9261627 0.0 5.4061046 84 120 240
-3.9261627 4.0 5.4061046 210 210 210
-3.9261627 0.0 5.665334 84 120 244
-3.9261627 4.0 5.665334 210 210 210
-3.9261627 0.0 5.924564 84 120 248
-3.9261627 4.0 5.924564 210 210 210
-3.666933 0.0 -6 88 120 50
-3.666933 4.0 -6 210 210 210
-3.666933 0.0 -5.7407703 88 120 54
-3.666933 4.0 -5.7407703 210 210 210
-3.666933 0.0 -5.4815407 88 120 58
-3.666933 4.0 -5.4815407 210 210 210
-3.666933 0.0 -5.222311 88 120 62
-3.666933 4.0 -5.222311 210 210 210
-3.666933 0.0 -4.9630814 88 120 67
-3.666933 4.0 -4.9630814 210 210 210
-3.666933 0.0 -4.7038517 88 120 71
-3.666933 4.0 -4.7038517 210 210 210
-3.666933 0.0 -4.444622 88 120 75
-3.666933 4.0 -4.444622 210 210 210
-3.666933 0.0 -4.1853924 88 120 80
-3.666933 4.0 -4.1853924 210 210 210
-3.666933 0.0 -3.9261627 88 120 84
-3.666933 4.0 -3.9261627 210 210 210
-3.666933 0.0 -3.666933 88 120 88
-3.666933 4.0 -3.666933 210 210 210
-3.666933 0.0 -3.4077034 88 120 93
-3.666933 4.0 -3.4077034 210 210 210
-3.666933 0.0 -3.1484737 88 120 97
-3.666933 4.0 -3.1484737 210 210 210
-3.666933 0.0 -2.889244 88 120 101
-3.666933 4.0 -2.889244 210 210 210
-3.666933 0.0 -2.6300144 88 120 106
-3.666933 4.0 -2.6300144 210 210 210
-3.666933 0.0 -2.3707848 88 120 110
-3.666933 4.0 -2.3707848 210 210 210
-3.666933 0.0 -2.111555 88 120 114
-3.666933 4.0 -2.111555 210 210 210
-3.666933 0.0 -1.8523254 88 120 119
-3.666933 4.0 -1.8523254 210 210 210
-3.666933 0.0 -1.5930958 88 120 123
-3.666933 4.0 -1.5930958 210 210 210
-3.666933 0.0 -1.3338661 88 120 127
-3.666933 4.0 -1.3338661 210 210 210
-3.666933 0.0 -1.0746365 88 120 132
-3.666933 4.0 -1.0746365 210 210 210
-3.666933 0.0 -0.8154068 88 120 136
-3.666933 4.0 -0.8154068 210 210 210
-3.666933 0.0 -0.55617714 88 120 140
-3.666933 4.0 -0.55617714 210 210 210
-3.666933 0.0 -0.2969475 88 120 145
-3.666933 4.0 -0.2969475 210 210 210
-3.666933 0.0 -0.03771788 88 120 149
-3.666933 4.0 -0.03771788 210 210 210
-3.666933 0.0 0.22151175 88 120 153
-3.666933 4.0 0.22151175 210 210 210
-3.666933 0.0 0.48074138 88 120 158
-3.666933 4.0 0.48074138 210 210 210
-3.666933 0.0 0.73997104 88 120 162
-3.666933 4.0 0.73997104 210 210 210
-3.666933 0.0 0.9992007 88 120 166
-3.666933 4.0 0.9992007 210 210 210
-3.666933 0.0 1.2584304 88 120 170
-3.666933 4.0 1.2584304 210 210 210
-3.666933 0.0 1.51766 88 120 175
-3.666933 4.0 1.51766 210 210 210
-3.666933 0.0 1.7768897 88 120 179
-3.666933 4.0 1.7768897 210 210 210
-3.666933 0.0 2.0361192 88 120 183
-3.666933 4.0 2.0361192 210 210 210
-3.666933 0.0 2.295349 88 120 188
-3.666933 4.0 2.295349 210 210 210
-3.666933 0.0 2.5545785 88 120 192
-3.666933 4.0 2.5545785 210 210 210
-3.666933 0.0 2.8138082 88 120 196
-3.666933 4.0 2.8138082 210 210 210
-3.666933 0.0 3.0730379 88 120 201
-3.666933 4.0 3.0730379 210 210 210
-3.666933 0.0 3.3322675 88 120 205
-3.666933 4.0 3.3322675 210 210 210
-3.666933 0.0 3.5914972 88 120 209
-3.666933 4.0 3.5914972 210 210 210
-3.666933 0.0 3.8507268 88 120 214
-3.666933 4.0 3.8507268 210 210 210
-3.666933 0.0 4.1099563 88 120 218
-3.666933 4.0 4.1099563 210 210 210
-3.666933 0.0 4.369186 88 120 222
-3.666933 4.0 4.369186 210 210 210
-3.666933 0.0 4.6284156 88 120 227
-3.666933 4.0 4.6284156 210 210 210
-3.666933 0.0 4.8876452 88 120 231
-3.666933 4.0 4.8876452 210 210 210
-3.666933 0.0 5.146875 88 120 235
-3.666933 4.0 5.146875 210 210 210
-3.666933 0.0 5.4061046 88 120 240
-3.666933 4.0 5.4061046 210 210 210
-3.666933 0.0 5.665334 88 120 244
-3.666933 4.0 5.665334 210 210 210
-3.666933 0.0 5.924564 88 120 248
-3.666933 4.0 5.924564 210 210 210
-3.4077034 0.0 -6 93 120 50
-3.4077034 4.0 -6 210 210 210
-3.4077034 0.0 -5.7407703 93 120 54
-3.4077034 4.0 -5.7407703 210 210 210
-3.4077034 0.0 -5.4815407 93 120 58
-3.4077034 4.0 -5.4815407 210 210 210
-3.4077034 0.0 -5.222311 93 120 62
-3.4077034 4.0 -5.222311 210 210 210
-3.4077034 0.0 -4.9630814 93 120 67
-3.4077034 4.0 -4.9630814 210 210 210
-3.4077034 0.0 -4.7038517 93 120 71
-3.4077034 4.0 -4.7038517 210 210 210
-3.4077034 0.0 -4.444622 93 120 75
-3.4077034 4.0 -4.444622 210 210 210
-3.4077034 0.0 -4.1853924 93 120 80
-3.4077034 4.0 -4.1853924 210 210 210
-3.4077034 0.0 -3.9261627 93 120 84
-3.4077034 4.0 -3.9261627 210 210 210
-3.4077034 0.0 -3.666933 93 120 88
-3.4077034 4.0 -3.666933 210 210 210
-3.4077034 0.0 -3.4077034 93 120 93
-3.4077034 4.0 -3.4077034 210 210 210
-3.4077034 0.0 -3.1484737 93 120 97
-3.4077034 4.0 -3.1484737 210 210 210
-3.4077034 0.0 -2.889244 93 120 101
-3.4077034 4.0 -2.889244 210 210 210
-3.4077034 0.0 -2.6300144 93 120 106
-3.4077034 4.0 -2.6300144 210 210 210
-3.4077034 0.0 -2.3707848 93 120 110
-3.4077034 4.0 -2.3707848 210 210 210
-3.4077034 0.0 -2.111555 93 120 114
-3.4077034 4.0 -2.111555 210 210 210
-3.4077034 0.0 -1.8523254 93 120 119
-3.4077034 4.0 -1.8523254 210 210 210
-3.4077034 0.0 -1.5930958 93 120 123
-3.4077034 4.0 -1.5930958 210 210 210
-3.4077034 0.0 -1.3338661 93 120 127
-3.4077034 4.0 -1.3338661 210 210 210
-3.4077034 0.0 -1.0746365 93 120 132
-3.4077034 4.0 -1.0746365 210 210 210
-3.4077034 0.0 -0.8154068 93 120 136
-3.4077034 4.0 -0.8154068 210 210 210
-3.4077034 0.0 -0.55617714 93 120 140
-3.4077034 4.0 -0.55617714 210 210 210
-3.4077034 0.0 -0.2969475 93 120 145
-3.4077034 4.0 -0.2969475 210 210 210
-3.4077034 0.0 -0.03771788 93 120 149
-3.4077034 4.0 -0.03771788 210 210 210
-3.4077034 0.0 0.22151175 93 120 153
-3.4077034 4.0 0.22151175 210 210 210
-3.4077034 0.0 0.48074138 93 120 158
-3.4077034 4.0 0.48074138 210 210 210
-3.4077034 0.0 0.73997104 93 120 162
-3.4077034 4.0 0.73997104 210 210 210
-3.4077034 0.0 0.9992007 93 120 166
-3.4077034 4.0 0.9992007 210 210 210
-3.4077034 0.0 1.2584304 93 120 170
-3.4077034 4.0 1.2584304 210 210 210
-3.4077034 0.0 1.51766 93 120 175
-3.4077034 4.0 1.51766 210 210 210
-3.4077034 0.0 1.7768897 93 120 179
-3.4077034 4.0 1.7768897 210 210 210
-3.4077034 0.0 2.0361192 93 120 183
-3.4077034 4.0 2.0361192 210 210 210
-3.4077034 0.0 2.295349 93 120 188
-3.4077034 4.0 2.295349 210 210 210
-3.4077034 0.0 2.5545785 93 120 192
-3.4077034 4.0 2.5545785 210 210 210
-3.4077034 0.0 2.8138082 93 120 196
-3.4077034 4.0 2.8138082 210 210 210
-3.4077034 0.0 3.0730379 93 120 201
-3.4077034 4.0 3.0730379 210 210 210
-3.4077034 0.0 3.3322675 93 120 205
-3.4077034 4.0 3.3322675 210 210 210
-3.4077034 0.0 3.5914972 93 120 209
-3.4077034 4.0 3.5914972 210 210 210
-3.4077034 0.0 3.8507268 93 120 214
-3.4077034 4.0 3.8507268 210 210 210
-3.4077034 0.0 4.1099563 93 120 218
-3.4077034 4.0 4.1099563 210 210 210
-3.4077034 0.0 4.369186 93 120 222
-3.4077034 4.0 4.369186 210 210 210
-3.4077034 0.0 4.6284156 93 120 227
-3.4077034 4.0 4.6284156 210 210 210
-3.4077034 0.0 4.8876452 93 120 231
-3.4077034 4.0 4.8876452 210 210 210
-3.4077034 0.0 5.146875 93 120 235
-3.4077034 4.0 5.146875 210 210 210
-3.4077034 0.0 5.4061046 93 120 240
-3.4077034 4.0 5.4061046 210 210 210
-3.4077034 0.0 5.665334 93 120 244
-3.4077034 4.0 5.665334 210 210 210
-3.4077034 0.0 5.924564 93 120 248
-3.4077034 4.0 5.924564 210 210 210
-3.1484737 0.0 -6 97 120 50
-3.1484737 4.0 -6 210 210 210
-3.1484737 0.0 -5.7407703 97 120 54
-3.1484737 4.0 -5.7407703 210 210 210
-3.1484737 0.0 -5.4815407 97 120 58
-3.1484737 4.0 -5.4815407 210 210 210
-3.1484737 0.0 -5.222311 97 120 62
-3.1484737 4.0 -5.222311 210 210 210
-3.1484737 0.0 -4.9630814 97 120 67
-3.1484737 4.0 -4.9630814 210 210 210
-3.1484737 0.0 -4.7038517 97 120 71
-3.1484737 4.0 -4.7038517 210 210 210
-3.1484737 0.0 -4.444622 97 120 75
-3.1484737 4.0 -4.444622 210 210 210
-3.1484737 0.0 -4.1853924 97 120 80
-3.1484737 4.0 -4.1853924 210 210 210
-3.1484737 0.0 -3.9261627 97 120 84
-3.1484737 4.0 -3.9261627 210 210 210
-3.1484737 0.0 -3.666933 97 120 88
-3.1484737 4.0 -3.666933 210 210 210
-3.1484737 0.0 -3.4077034 97 120 93
-3.1484737 4.0 -3.4077034 210 210 210
-3.1484737 0.0 -3.1484737 97 120 97
-3.1484737 4.0 -3.1484737 210 210 210
-3.1484737 0.0 -2.889244 97 120 101
-3.1484737 4.0 -2.889244 210 210 210
-3.1484737 0.0 -2.6300144 97 120 106
-3.1484737 4.0 -2.6300144 210 210 210
-3.1484737 0.0 -2.3707848 97 120 110
-3.1484737 4.0 -2.3707848 210 210 210
-3.1484737 0.0 -2.111555 97 120 114
-3.1484737 4.0 -2.111555 210 210 210
-3.1484737 0.0 -1.8523254 97 120 119
-3.1484737 4.0 -1.8523254 210 210 210
-3.1484737 0.0 -1.5930958 97 120 123
-3.1484737 4.0 -1.5930958 210 210 210
-3.1484737 0.0 -1.3338661 97 120 127
-3.1484737 4.0 -1.3338661 210 210 210
-3.1484737 0.0 -1.0746365 97 120 132
-3.1484737 4.0 -1.0746365 210 210 210
-3.1484737 0.0 -0.8154068 97 120 136
-3.1484737 4.0 -0.8154068 210 210 210
-3.1484737 0.0 -0.55617714 97 120 140
-3.1484737 4.0 -0.55617714 210 210 210
-3.1484737 0.0 -0.2969475 97 120 145
-3.1484737 4.0 -0.2969475 210 210 210
-3.1484737 0.0 -0.03771788 97 120 149
-3.1484737 4.0 -0.03771788 210 210 210
-3.1484737 0.0 0.22151175 97 120 153
-3.1484737 4.0 0.22151175 210 210 210
-3.1484737 0.0 0.48074138 97 120 158
-3.1484737 4.0 0.48074138 210 210 210
-3.1484737 0.0 0.73997104 97 120 162
-3.1484737 4.0 0.73997104 210 210 210
-3.1484737 0.0 0.9992007 97 120 166
-3.1484737 4.0 0.9992007 210 210 210
-3.1484737 0.0 1.2584304 97 120 170
-3.1484737 4.0 1.2584304 210 210 210
-3.1484737 0.0 1.51766 97 120 175
-3.1484737 4.0 1.51766 210 210 210
-3.1484737 0.0 1.7768897 97 120 179
-3.1484737 4.0 1.7768897 210 210 210
-3.1484737 0.0 2.0361192 97 120 183
-3.1484737 4.0 2.0361192 210 210 210
-3.1484737 0.0 2.295349 97 120 188
-3.1484737 4.0 2.295349 210 210 210
-3.1484737 0.0 2.5545785 97 120 192
-3.1484737 4.0 2.5545785 210 210 210
-3.1484737 0.0 2.8138082 97 120 196
-3.1484737 4.0 2.8138082 210 210 210
-3.1484737 0.0 3.0730379 97 120 201
-3.1484737 4.0 3.0730379 210 210 210
-3.1484737 0.0 3.3322675 97 120 205
-3.1484737 4.0 3.3322675 210 210 210
-3.1484737 0.0 3.5914972 97 120 209
-3.1484737 4.0 3.5914972 210 210 210
-3.1484737 0.0 3.8507268 97 120 214
-3.1484737 4.0 3.8507268 210 210 210
-3.1484737 0.0 4.1099563 97 120 218
-3.1484737 4.0 4.1099563 210 210 210
-3.1484737 0.0 4.369186 97 120 222
-3.1484737 4.0 4.369186 210 210 210
-3.1484737 0.0 4.6284156 97 120 227
-3.1484737 4.0 4.6284156 210 210 210
-3.1484737 0.0 4.8876452 97 120 231
-3.1484737 4.0 4.8876452 210 210 210
-3.1484737 0.0 5.146875 97 120 235
-3.1484737 4.0 5.146875 210 210 210
-3.1484737 0.0 5.4061046 97 120 240
-3.1484737 4.0 5.4061046 210 210 210
-3.1484737 0.0 5.665334 97 120 244
-3.1484737 4.0 5.665334 210 210 210
-3.1484737 0.0 5.924564 97 120 248
-3.1484737 4.0 5.924564 210 210 210
-2.889244 0.0 -6 101 120 50
-2.889244 4.0 -6 210 210 210
-2.889244 0.0 -5.7407703 101 120 54
-2.889244 4.0 -5.7407703 210 210 210
-2.889244 0.0 -5.4815407 101 120 58
-2.889244 4.0 -5.4815407 210 210 210
-2.889244 0.0 -5.222311 101 120 62
-2.889244 4.0 -5.222311 210 210 210
-2.889244 0.0 -4.9630814 101 120 67
-2.889244 4.0 -4.9630814 210 210 210
-2.889244 0.0 -4.7038517 101 120 71
-2.889244 4.0 -4.7038517 210 210 210
-2.889244 0.0 -4.444622 101 120 75
-2.889244 4.0 -4.444622 210 210 210
-2.889244 0.0 -4.1853924 101 120 80
-2.889244 4.0 -4.1853924 210 210 210
-2.889244 0.0 -3.9261627 101 120 84
-2.889244 4.0 -3.9261627 210 210 210
-2.889244 0.0 -3.666933 101 120 88
-2.889244 4.0 -3.666933 210 210 210
-2.889244 0.0 -3.4077034 101 120 93
-2.889244 4.0 -3.4077034 210 210 210
-2.889244 0.0 -3.1484737 101 120 97
-2.889244 4.0 -3.1484737 210 210 210
-2.889244 0.0 -2.889244 101 120 101
-2.889244 4.0 -2.889244 210 210 210
-2.889244 0.0 -2.6300144 101 120 106
-2.889244 4.0 -2.6300144 210 210 210
-2.889244 0.0 -2.3707848 101 120 110
-2.889244 4.0 -2.3707848 210 210 210
-2.889244 0.0 -2.111555 101 120 114
-2.889244 4.0 -2.111555 210 210 210
-2.889244 0.0 -1.8523254 101 120 119
-2.889244 4.0 -1.8523254 210 210 210
-2.889244 0.0 -1.5930958 101 120 123
-2.889244 4.0 -1.5930958 210 210 210
-2.889244 0.0 -1.3338661 101 120 127
-2.889244 4.0 -1.3338661 210 210 210
-2.889244 0.0 -1.0746365 101 120 132
-2.889244 4.0 -1.0746365 210 210 210
-2.889244 0.0 -0.8154068 101 120 136
-2.889244 4.0 -0.8154068 210 210 210
-2.889244 0.0 -0.55617714 101 120 140
-2.889244 4.0 -0.55617714 210 210 210
-2.889244 0.0 -0.2969475 101 120 145
-2.889244 4.0 -0.2969475 210 210 210
-2.889244 0.0 -0.03771788 101 120 149
-2.889244 4.0 -0.03771788 210 210 210
-2.889244 0.0 0.22151175 101 120 153
-2.889244 4.0 0.22151175 210 210 210
-2.889244 0.0 0.48074138 101 120 158
-2.889244 4.0 0.48074138 210 210 210
-2.889244 0.0 0.73997104 101 120 162
-2.889244 4.0 0.73997104 210 210 210
-2.889244 0.0 0.9992007 101 120 166
-2.889244 4.0 0.9992007 210 210 210
-2.889244 0.0 1.2584304 101 120 170
-2.889244 4.0 1.2584304 210 210 210
-2.889244 0.0 1.51766 101 120 175
-2.889244 4.0 1.51766 210 210 210
-2.889244 0.0 1.7768897 101 120 179
-2.889244 4.0 1.7768897 210 210 210
-2.889244 0.0 2.0361192 101 120 183
-2.889244 4.0 2.0361192 210 210 210
-2.889244 0.0 2.295349 101 120 188
-2.889244 4.0 2.295349 210 210 210
-2.889244 0.0 2.5545785 101 120 192
-2.889244 4.0 2.5545785 210 210 210
-2.889244 0.0 2.8138082 101 120 196
-2.889244 4.0 2.8138082 210 210 210
-2.889244 0.0 3.0730379 101 120 201
-2.889244 4.0 3.0730379 210 210 210
-2.889244 0.0 3.3322675 101 120 205
-2.889244 4.0 3.3322675 210 210 210
-2.889244 0.0 3.5914972 101 120 209
-2.889244 4.0 3.5914972 210 210 210
-2.889244 0.0 3.8507268 101 120 214
-2.889244 4.0 3.8507268 210 210 210
-2.889244 0.0 4.1099563 101 120 218
-2.889244 4.0 4.1099563 210 210 210
-2.889244 0.0 4.369186 101 120 222
-2.889244 4.0 4.369186 210 210 210
-2.889244 0.0 4.6284156 101 120 227
-2.889244 4.0 4.6284156 210 210 210
-2.889244 0.0 4.8876452 101 120 231
-2.889244 4.0 4.8876452 210 210 210
-2.889244 0.0 5.146875 101 120 235
-2.889244 4.0 5.146875 210 210 210
-2.889244 0.0 5.4061046 101 120 240
-2.889244 4.0 5.4061046 210 210 210
-2.889244 0.0 5.665334 101 120 244
-2.889244 4.0 5.665334 210 210 210
-2.889244 0.0 5.924564 101 120 248
-2.889244 4.0 5.924564 210 210 210
-2.6300144 0.0 -6 106 120 50
-2.6300144 4.0 -6 210 210 210
-2.6300144 0.0 -5.7407703 106 120 54
-2.6300144 4.0 -5.7407703 210 210 210
-2.6300144 0.0 -5.4815407 106 120 58
-2.6300144 4.0 -5.4815407 210 210 210
-2.6300144 0.0 -5.222311 106 120 62
-2.6300144 4.0 -5.222311 210 210 210
-2.6300144 0.0 -4.9630814 106 120 67
-2.6300144 4.0 -4.9630814 210 210 210
-2.6300144 0.0 -4.7038517 106 120 71
-2.6300144 4.0 -4.7038517 210 210 210
-2.6300144 0.0 -4.444622 106 120 75
-2.6300144 4.0 -4.444622 210 210 210
-2.6300144 0.0 -4.1853924 106 120 80
-2.6300144 4.0 -4.1853924 210 210 210
-2.6300144 0.0 -3.9261627 106 120 84
-2.6300144 4.0 -3.9261627 210 210 210
-2.6300144 0.0 -3.666933 106 120 88
-2.6300144 4.0 -3.666933 210 210 210
-2.6300144 0.0 -3.4077034 106 120 93
-2.6300144 4.0 -3.4077034 210 210 210
-2.6300144 0.0 -3.1484737 106 120 97
-2.6300144 4.0 -3.1484737 210 210 210
-2.6300144 0.0 -2.889244 106 120 101
-2.6300144 4.0 -2.889244 210 210 210
-2.6300144 0.0 -2.6300144 106 120 106
-2.6300144 4.0 -2.6300144 210 210 210
-2.6300144 0.0 -2.3707848 106 120 110
-2.6300144 4.0 -2.3707848 210 210 210
-2.6300144 0.0 -2.111555 106 120 114
-2.6300144 4.0 -2.111555 210 210 210
-2.6300144 0.0 -1.8523254 106 120 119
-2.6300144 4.0 -1.8523254 210 210 210
-2.6300144 0.0 -1.5930958 106 120 123
-2.6300144 4.0 -1.5930958 210 210 210
-2.6300144 0.0 -1.3338661 106 120 127
-2.6300144 4.0 -1.3338661 210 210 210
-2.6300144 0.0 -1.0746365 106 120 132
-2.6300144 4.0 -1.0746365 210 210 210
-2.6300144 0.0 -0.8154068 106 120 136
-2.6300144 4.0 -0.8154068 210 210 210
-2.6300144 0.0 -0.55617714 106 120 140
-2.6300144 4.0 -0.55617714 210 210 210
-2.6300144 0.0 -0.2969475 106 120 145
-2.6300144 4.0 -0.2969475 210 210 210
-2.6300144 0.0 -0.03771788 106 120 149
-2.6300144 4.0 -0.03771788 210 210 210
-2.6300144 0.0 0.22151175 106 120 153
-2.6300144 4.0 0.22151175 210 210 210
-2.6300144 0.0 0.48074138 106 120 158
-2.6300144 4.0 0.48074138 210 210 210
-2.6300144 0.0 0.73997104 106 120 162
-2.6300144 4.0 0.73997104 210 210 210
-2.6300144 0.0 0.9992007 106 120 166
-2.6300144 4.0 0.9992007 210 210 210
-2.6300144 0.0 1.2584304 106 120 170
-2.6300144 4.0 1.2584304 210 210 210
-2.6300144 0.0 1.51766 106 120 175
-2.6300144 4.0 1.51766 210 210 210
-2.6300144 0.0 1.7768897 106 120 179
-2.6300144 4.0 1.7768897 210 210 210
-2.6300144 0.0 2.0361192 106 120 183
-2.6300144 4.0 2.0361192 210 210 210
-2.6300144 0.0 2.295349 106 120 188
-2.6300144 4.0 2.295349 210 210 210
-2.6300144 0.0 2.5545785 106 120 192
-2.6300144 4.0 2.5545785 210 210 210
-2.6300144 0.0 2.8138082 106 120 196
-2.6300144 4.0 2.8138082 210 210 210
-2.6300144 0.0 3.0730379 106 120 201
-2.6300144 4.0 3.0730379 210 210 210
-2.6300144 0.0 3.3322675 106 120 205
-2.6300144 4.0 3.3322675 210 210 210
-2.6300144 0.0 3.5914972 106 120 209
-2.6300144 4.0 3.5914972 210 210 210
-2.6300144 0.0 3.8507268 106 120 214
-2.6300144 4.0 3.8507268 210 210 210
-2.6300144 0.0 4.1099563 106 120 218
-2.6300144 4.0 4.1099563 210 210 210
-2.6300144 0.0 4.369186 106 120 222
-2.6300144 4.0 4.369186 210 210 210
-2.6300144 0.0 4.6284156 106 120 227
-2.6300144 4.0 4.6284156 210 210 210
-2.6300144 0.0 4.8876452 106 120 231
-2.6300144 4.0 4.8876452 210 210 210
-2.6300144 0.0 5.146875 106 120 235
-2.6300144 4.0 5.146875 210 210 210
-2.6300144 0.0 5.4061046 106 120 240
-2.6300144 4.0 5.4061046 210 210 210
-2.6300144 0.0 5.665334 106 120 244
-2.6300144 4.0 5.665334 210 210 210
-2.6300144 0.0 5.924564 106 120 248
-2.6300144 4.0 5.924564 210 210 210
-2.3707848 0.0 -6 110 120 50
-2.3707848 4.0 -6 210 210 210
-2.3707848 0.0 -5.7407703 110 120 54
-2.3707848 4.0 -5.7407703 210 210 210
-2.3707848 0.0 -5.4815407 110 120 58
-2.3707848 4.0 -5.4815407 210 210 210
-2.3707848 0.0 -5.222311 110 120 62
-2.3707848 4.0 -5.222311 210 210 210
-2.3707848 0.0 -4.9630814 110 120 67
-2.3707848 4.0 -4.9630814 210 210 210
-2.3707848 0.0 -4.7038517 110 120 71
-2.3707848 4.0 -4.7038517 210 210 210
-2.3707848 0.0 -4.444622 110 120 75
-2.3707848 4.0 -4.444622 210 210 210
-2.3707848 0.0 -4.1853924 110 120 80
-2.3707848 4.0 -4.1853924 210 210 210
-2.3707848 0.0 -3.9261627 110 120 84
-2.3707848 4.0 -3.9261627 210 210 210
-2.3707848 0.0 -3.666933 110 120 88
-2.3707848 4.0 -3.666933 210 210 210
-2.3707848 0.0 -3.4077034 110 120 93
-2.3707848 4.0 -3.4077034 210 210 210
-2.3707848 0.0 -3.1484737 110 120 97
-2.3707848 4.0 -3.1484737 210 210 210
-2.3707848 0.0 -2.889244 110 120 101
-2.3707848 4.0 -2.889244 210 210 210
-2.3707848 0.0 -2.6300144 110 120 106
-2.3707848 4.0 -2.6300144 210 210 210
-2.3707848 0.0 -2.3707848 110 120 110
-2.3707848 4.0 -2.3707848 210 210 210
-2.3707848 0.0 -2.111555 110 120 114
-2.3707848 4.0 -2.111555 210 210 210
-2.3707848 0.0 -1.8523254 110 120 119
-2.3707848 4.0 -1.8523254 210 210 210
-2.3707848 0.0 -1.5930958 110 120 123
-2.3707848 4.0 -1.5930958 210 210 210
-2.3707848 0.0 -1.3338661 110 120 127
-2.3707848 4.0 -1.3338661 210 210 210
-2.3707848 0.0 -1.0746365 110 120 132
-2.3707848 4.0 -1.0746365 210 210 210
-2.3707848 0.0 -0.8154068 110 120 136
-2.3707848 4.0 -0.8154068 210 210 210
-2.3707848 0.0 -0.55617714 110 120 140
-2.3707848 4.0 -0.55617714 210 210 210
-2.3707848 0.0 -0.2969475 110 120 145
-2.3707848 4.0 -0.2969475 210 210 210
-2.3707848 0.0 -0.03771788 110 120 149
-2.3707848 4.0 -0.03771788 210 210 210
-2.3707848 0.0 0.22151175 110 120 153
-2.3707848 4.0 0.22151175 210 210 210
-2.3707848 0.0 0.48074138 110 120 158
-2.3707848 4.0 0.48074138 210 210 210
-2.3707848 0.0 0.73997104 110 120 162
-2.3707848 4.0 0.73997104 210 210 210
-2.3707848 0.0 0.9992007 110 120 166
-2.3707848 4.0 0.9992007 210 210 210
-2.3707848 0.0 1.2584304 110 120 170
-2.3707848 4.0 1.2584304 210 210 210
-2.3707848 0.0 1.51766 110 120 175
-2.3707848 4.0 1.51766 210 210 210
-2.3707848 0.0 1.7768897 110 120 179
-2.3707848 4.0 1.7768897 210 210 210
-2.3707848 0.0 2.0361192 110 120 183
-2.3707848 4.0 2.0361192 210 210 210
-2.3707848 0.0 2.295349 110 120 188
-2.3707848 4.0 2.295349 210 210 210
-2.3707848 0.0 2.5545785 110 120 192
-2.3707848 4.0 2.5545785 210 210 210
-2.3707848 0.0 2.8138082 110 120 196
-2.3707848 4.0 2.8138082 210 210 210
-2.3707848 0.0 3.0730379 110 120 201
-2.3707848 4.0 3.0730379 210 210 210
-2.3707848 0.0 3.3322675 110 120 205
-2.3707848 4.0 3.3322675 210 210 210
-2.3707848 0.0 3.5914972 110 120 209
-2.3707848 4.0 3.5914972 210 210 210
-2.3707848 0.0 3.8507268 110 120 214
-2.3707848 4.0 3.8507268 210 210 210
-2.3707848 0.0 4.1099563 110 120 218
-2.3707848 4.0 4.1099563 210 210 210
-2.3707848 0.0 4.369186 110 120 222
-2.3707848 4.0 4.369186 210 210 210
-2.3707848 0.0 4.6284156 110 120 227
-2.3707848 4.0 4.6284156 210 210 210
-2.3707848 0.0 4.8876452 110 120 231
-2.3707848 4.0 4.8876452 210 210 210
-2.3707848 0.0 5.146875 110 120 235
-2.3707848 4.0 5.146875 210 210 210
-2.3707848 0.0 5.4061046 110 120 240
-2.3707848 4.0 5.4061046 210 210 210
-2.3707848 0.0 5.665334 110 120 244
-2.3707848 4.0 5.665334 210 210 210
-2.3707848 0.0 5.924564 110 120 248
-2.3707848 4.0 5.924564 210 210 210
-2.111555 0.0 -6 114 120 50
-2.111555 4.0 -6 210 210 210
-2.111555 0.0 -5.7407703 114 120 54
-2.111555 4.0 -5.7407703 210 210 210
-2.111555 0.0 -5.4815407 114 120 58
-2.111555 4.0 -5.4815407 210 210 210
-2.111555 0.0 -5.222311 114 120 62
-2.111555 4.0 -5.222311 210 210 210
-2.111555 0.0 -4.9630814 114 120 67
-2.111555 4.0 -4.9630814 210 210 210
-2.111555 0.0 -4.7038517 114 120 71
-2.111555 4.0 -4.7038517 210 210 210
-2.111555 0.0 -4.444622 114 120 75
-2.111555 4.0 -4.444622 210 210 210
-2.111555 0.0 -4.1853924 114 120 80
-2.111555 4.0 -4.1853924 210 210 210
-2.111555 0.0 -3.9261627 114 120 84
-2.111555 4.0 -3.9261627 210 210 210
-2.111555 0.0 -3.666933 114 120 88
-2.111555 4.0 -3.666933 210 210 210
-2.111555 0.0 -3.4077034 114 120 93
-2.111555 4.0 -3.4077034 210 210 210
-2.111555 0.0 -3.1484737 114 120 97
-2.111555 4.0 -3.1484737 210 210 210
-2.111555 0.0 -2.889244 114 120 101
-2.111555 4.0 -2.889244 210 210 210
-2.111555 0.0 -2.6300144 114 120 106
-2.111555 4.0 -2.6300144 210 210 210
-2.111555 0.0 -2.3707848 114 120 110
-2.111555 4.0 -2.3707848 210 210 210
-2.111555 0.0 -2.111555 114 120 114
-2.111555 4.0 -2.111555 210 210 210
-2.111555 0.0 -1.8523254 114 120 119
-2.111555 4.0 -1.8523254 210 210 210
-2.111555 0.0 -1.5930958 114 120 123
-2.111555 4.0 -1.5930958 210 210 210
-2.111555 0.0 -1.3338661 114 120 127
-2.111555 4.0 -1.3338661 210 210 210
-2.111555 0.0 -1.0746365 114 120 132
-2.111555 4.0 -1.0746365 210 210 210
-2.111555 0.0 -0.8154068 114 120 136
-2.111555 4.0 -0.8154068 210 210 210
-2.111555 0.0 -0.55617714 114 120 140
-2.111555 4.0 -0.55617714 210 210 210
-2.111555 0.0 -0.2969475 114 120 145
-2.111555 4.0 -0.2969475 210 210 210
-2.111555 0.0 -0.03771788 114 120 149
-2.111555 4.0 -0.03771788 210 210 210
-2.111555 0.0 0.22151175 114 120 153
-2.111555 4.0 0.22151175 210 210 210
-2.111555 0.0 0.48074138 114 120 158
-2.111555 4.0 0.48074138 210 210 210
-2.111555 0.0 0.73997104 114 120 162
-2.111555 4.0 0.73997104 210 210 210
-2.111555 0.0 0.9992007 114 120 166
-2.111555 4.0 0.9992007 210 210 210
-2.111555 0.0 1.2584304 114 120 170
-2.111555 4.0 1.2584304 210 210 210
-2.111555 0.0 1.51766 114 120 175
-2.111555 4.0 1.51766 210 210 210
-2.111555 0.0 1.7768897 114 120 179
-2.111555 4.0 1.7768897 210 210 210
-2.111555 0.0 2.0361192 114 120 183
-2.111555 4.0 2.0361192 210 210 210
-2.111555 0.0 2.295349 114 120 188
-2.111555 4.0 2.295349 210 210 210
-2.111555 0.0 2.5545785 114 120 192
-2.111555 4.0 2.5545785 210 210 210
-2.111555 0.0 2.8138082 114 120 196
-2.111555 4.0 2.8138082 210 210 210
-2.111555 0.0 3.0730379 114 120 201
-2.111555 4.0 3.0730379 210 210 210
-2.111555 0.0 3.3322675 114 120 205
-2.111555 4.0 3.3322675 210 210 210
-2.111555 0.0 3.5914972 114 120 209
-2.111555 4.0 3.5914972 210 210 210
-2.111555 0.0 3.8507268 114 120 214
-2.111555 4.0 3.8507268 210 210 210
-2.111555 0.0 4.1099563 114 120 218
-2.111555 4.0 4.1099563 210 210 210
-2.111555 0.0 4.369186 114 120 222
-2.111555 4.0 4.369186 210 210 210
-2.111555 0.0 4.6284156 114 120 227
-2.111555 4.0 4.6284156 210 210 210
-2.111555 0.0 4.8876452 114 120 231
-2.111555 4.0 4.8876452 210 210 210
-2.111555 0.0 5.146875 114 120 235
-2.111555 4.0 5.146875 210 210 210
-2.111555 0.0 5.4061046 114 120 240
-2.111555 4.0 5.4061046 210 210 210
-2.111555 0.0 5.665334 114 120 244
-2.111555 4.0 5.665334 210 210 210
-2.111555 0.0 5.924564 114 120 248
-2.111555 4.0 5.924564 210 210 210
-1.8523254 0.0 -6 119 120 50
-1.8523254 4.0 -6 210 210 210
-1.8523254 0.0 -5.7407703 119 120 54
-1.8523254 4.0 -5.7407703 210 210 210
-1.8523254 0.0 -5.4815407 119 120 58
-1.8523254 4.0 -5.4815407 210 210 210
-1.8523254 0.0 -5.222311 119 120 62
-1.8523254 4.0 -5.222311 210 210 210
-1.8523254 0.0 -4.9630814 119 120 67
-1.8523254 4.0 -4.9630814 210 210 210
-1.8523254 0.0 -4.7038517 119 120 71
-1.8523254 4.0 -4.7038517 210 210 210
-1.8523254 0.0 -4.444622 119 120 75
-1.8523254 4.0 -4.444622 210 210 210
-1.8523254 0.0 -4.1853924 119 120 80
-1.8523254 4.0 -4.1853924 210 210 210
-1.8523254 0.0 -3.9261627 119 120 84
-1.8523254 4.0 -3.9261627 210 210 210
-1.8523254 0.0 -3.666933 119 120 88
-1.8523254 4.0 -3.666933 210 210 210
-1.8523254 0.0 -3.4077034 119 120 93
-1.8523254 4.0 -3.4077034 210 210 210
-1.8523254 0.0 -3.1484737 119 120 97
-1.8523254 4.0 -3.1484737 210 210 210
-1.8523254 0.0 -2.889244 119 120 101
-1.8523254 4.0 -2.889244 210 210 210
-1.8523254 0.0 -2.6300144 119 120 106
-1.8523254 4.0 -2.6300144 210 210 210
-1.8523254 0.0 -2.3707848 119 120 110
-1.8523254 4.0 -2.3707848 210 210 210
-1.8523254 0.0 -2.111555 119 120 114
-1.8523254 4.0 -2.111555 210 210 210
-1.8523254 0.0 -1.8523254 119 120 119
-1.8523254 4.0 -1.8523254 210 210 210
-1.8523254 0.0 -1.5930958 119 120 123
-1.8523254 4.0 -1.5930958 210 210 210
-1.8523254 0.0 -1.3338661 119 120 127
-1.8523254 4.0 -1.3338661 210 210 210
-1.8523254 0.0 -1.0746365 119 120 132
-1.8523254 4.0 -1.0746365 210 210 210
-1.8523254 0.0 -0.8154068 119 120 136
-1.8523254 4.0 -0.8154068 210 210 210
-1.8523254 0.0 -0.55617714 119 120 140
-1.8523254 4.0 -0.55617714 210 210 210
-1.8523254 0.0 -0.2969475 119 120 145
-1.8523254 4.0 -0.2969475 210 210 210
-1.8523254 0.0 -0.03771788 119 120 149
-1.8523254 4.0 -0.03771788 210 210 210
-1.8523254 0.0 0.22151175 119 120 153
-1.8523254 4.0 0.22151175 210 210 210
-1.8523254 0.0 0.48074138 119 120 158
-1.8523254 4.0 0.48074138 210 210 210
-1.8523254 0.0 0.73997104 119 120 162
-1.8523254 4.0 0.73997104 210 210 210
-1.8523254 0.0 0.9992007 119 120 166
-1.8523254 4.0 0.9992007 210 210 210
-1.8523254 0.0 1.2584304 119 120 170
-1.8523254 4.0 1.2584304 210 210 210
-1.8523254 0.0 1.51766 119 120 175
-1.8523254 4.0 1.51766 210 210 210
-1.8523254 0.0 1.7768897 119 120 179
-1.8523254 4.0 1.7768897 210 210 210
-1.8523254 0.0 2.0361192 119 120 183
-1.8523254 4.0 2.0361192 210 210 210
-1.8523254 0.0 2.295349 119 120 188
-1.8523254 4.0 2.295349 210 210 210
-1.8523254 0.0 2.5545785 119 120 192
-1.8523254 4.0 2.5545785 210 210 210
-1.8523254 0.0 2.8138082 119 120 196
-1.8523254 4.0 2.8138082 210 210 210
-1.8523254 0.0 3.0730379 119 120 201
-1.8523254 4.0 3.0730379 210 210 210
-1.8523254 0.0 3.3322675 119 120 205
-1.8523254 4.0 3.3322675 210 210 210
-1.8523254 0.0 3.5914972 119 120 209
-1.8523254 4.0 3.5914972 210 210 210
-1.8523254 0.0 3.8507268 119 120 214
-1.8523254 4.0 3.8507268 210 210 210
-1.8523254 0.0 4.1099563 119 120 218
-1.8523254 4.0 4.1099563 210 210 210
-1.8523254 0.0 4.369186 119 120 222
-1.8523254 4.0 4.369186 210 210 210
-1.8523254 0.0 4.6284156 119 120 227
-1.8523254 4.0 4.6284156 210 210 210
-1.8523254 0.0 4.8876452 119 120 231
-1.8523254 4.0 4.8876452 210 210 210
-1.8523254 0.0 5.146875 119 120 235
-1.8523254 4.0 5.146875 210 210 210
-1.8523254 0.0 5.4061046 119 120 240
-1.8523254 4.0 5.4061046 210 210 210
-1.8523254 0.0 5.665334 119 120 244
-1.8523254 4.0 5.665334 210 210 210
-1.8523254 0.0 5.924564 119 120 248
-1.8523254 4.0 5.924564 210 210 210
-1.5930958 0.0 -6 123 120 50
-1.5930958 4.0 -6 210 210 210
-1.5930958 0.0 -5.7407703 123 120 54
-1.5930958 4.0 -5.7407703 210 210 210
-1.5930958 0.0 -5.4815407 123 120 58
-1.5930958 4.0 -5.4815407 210 210 210
-1.5930958 0.0 -5.222311 123 120 62
-1.5930958 4.0 -5.222311 210 210 210
-1.5930958 0.0 -4.9630814 123 120 67
-1.5930958 4.0 -4.9630814 210 210 210
-1.5930958 0.0 -4.7038517 123 120 71
-1.5930958 4.0 -4.7038517 210 210 210
-1.5930958 0.0 -4.444622 123 120 75
-1.5930958 4.0 -4.444622 210 210 210
-1.5930958 0.0 -4.1853924 123 120 80
-1.5930958 4.0 -4.1853924 210 210 210
-1.5930958 0.0 -3.9261627 123 120 84
-1.5930958 4.0 -3.9261627 210 210 210
-1.5930958 0.0 -3.666933 123 120 88
-1.5930958 4.0 -3.666933 210 210 210
-1.5930958 0.0 -3.4077034 123 120 93
-1.5930958 4.0 -3.4077034 210 210 210
-1.5930958 0.0 -3.1484737 123 120 97
-1.5930958 4.0 -3.1484737 210 210 210
-1.5930958 0.0 -2.889244 123 120 101
-1.5930958 4.0 -2.889244 210 210 210
-1.5930958 0.0 -2.6300144 123 120 106
-1.5930958 4.0 -2.6300144 210 210 210
-1.5930958 0.0 -2.3707848 123 120 110
-1.5930958 4.0 -2.3707848 210 210 210
-1.5930958 0.0 -2.111555 123 120 114
-1.5930958 4.0 -2.111555 210 210 210
-1.5930958 0.0 -1.8523254 123 120 119
-1.5930958 4.0 -1.8523254 210 210 210
-1.5930958 0.0 -1.5930958 123 120 123
-1.5930958 4.0 -1.5930958 210 210 210
-1.5930958 0.0 -1.3338661 123 120 127
-1.5930958 4.0 -1.3338661 210 210 210
-1.5930958 0.0 -1.0746365 123 120 132
-1.5930958 4.0 -1.0746365 210 210 210
-1.5930958 0.0 -0.8154068 123 120 136
-1.5930958 4.0 -0.8154068 210 210 210
-1.5930958 0.0 -0.55617714 123 120 140
-1.5930958 4.0 -0.55617714 210 210 210
-1.5930958 0.0 -0.2969475 123 120 145
-1.5930958 4.0 -0.2969475 210 210 210
-1.5930958 0.0 -0.03771788 123 120 149
-1.5930958 4.0 -0.03771788 210 210 210
-1.5930958 0.0 0.22151175 123 120 153
-1.5930958 4.0 0.22151175 210 210 210
-1.5930958 0.0 0.48074138 123 120 158
-1.5930958 4.0 0.48074138 210 210 210
-1.5930958 0.0 0.73997104 123 120 162
-1.5930958 4.0 0.73997104 210 210 210
-1.5930958 0.0 0.9992007 123 120 166
-1.5930958 4.0 0.9992007 210 210 210
-1.5930958 0.0 1.2584304 123 120 170
-1.5930958 4.0 1.2584304 210 210 210
-1.5930958 0.0 1.51766 123 120 175
-1.5930958 4.0 1.51766 210 210 210
-1.5930958 0.0 1.7768897 123 120 179
-1.5930958 4.0 1.7768897 210 210 210
-1.5930958 0.0 2.0361192 123 120 183
-1.5930958 4.0 2.0361192 210 210 210
-1.5930958 0.0 2.295349 123 120 188
-1.5930958 4.0 2.295349 210 210 210
-1.5930958 0.0 2.5545785 123 120 192
-1.5930958 4.0 2.5545785 210 210 210
-1.5930958 0.0 2.8138082 123 120 196
-1.5930958 4.0 2.8138082 210 210 210
-1.5930958 0.0 3.0730379 123 120 201
-1.5930958 4.0 3.0730379 210 210 210
-1.5930958 0.0 3.3322675 123 120 205
-1.5930958 4.0 3.3322675 210 210 210
-1.5930958 0.0 3.5914972 123 120 209
-1.5930958 4.0 3.5914972 210 210 210
-1.5930958 0.0 3.8507268 123 120 214
-1.5930958 4.0 3.8507268 210 210 210
-1.5930958 0.0 4.1099563 123 120 218
-1.5930958 4.0 4.1099563 210 210 210
-1.5930958 0.0 4.369186 123 120 222
-1.5930958 4.0 4.369186 210 210 210
-1.5930958 0.0 4.6284156 123 120 227
-1.5930958 4.0 4.6284156 210 210 210
-1.5930958 0.0 4.8876452 123 120 231
-1.5930958 4.0 4.8876452 210 210 210
-1.5930958 0.0 5.146875 123 120 235
-1.5930958 4.0 5.146875 210 210 210
-1.5930958 0.0 5.4061046 123 120 240
-1.5930958 4.0 5.4061046 210 210 210
-1.5930958 0.0 5.665334 123 120 244
-1.5930958 4.0 5.665334 210 210 210
-1.5930958 0.0 5.924564 123 120 248
-1.5930958 4.0 5.924564 210 210 210
-1.3338661 0.0 -6 127 120 50
-1.3338661 4.0 -6 210 210 210
-1.3338661 0.0 -5.7407703 127 120 54
-1.3338661 4.0 -5.7407703 210 210 210
-1.3338661 0.0 -5.4815407 127 120 58
-1.3338661 4.0 -5.4815407 210 210 210
-1.3338661 0.0 -5.222311 127 120 62
-1.3338661 4.0 -5.222311 210 210 210
-1.3338661 0.0 -4.9630814 127 120 67
-1.3338661 4.0 -4.9630814 210 210 210
-1.3338661 0.0 -4.7038517 127 120 71
-1.3338661 4.0 -4.7038517 210 210 210
-1.3338661 0.0 -4.444622 127 120 75
-1.3338661 4.0 -4.444622 210 210 210
-1.3338661 0.0 -4.1853924 127 120 80
-1.3338661 4.0 -4.1853924 210 210 210
-1.3338661 0.0 -3.9261627 127 120 84
-1.3338661 4.0 -3.9261627 210 210 210
-1.3338661 0.0 -3.666933 127 120 88
-1.3338661 4.0 -3.666933 210 210 210
-1.3338661 0.0 -3.4077034 127 120 93
-1.3338661 4.0 -3.4077034 210 210 210
-1.3338661 0.0 -3.1484737 127 120 97
-1.3338661 4.0 -3.1484737 210 210 210
-1.3338661 0.0 -2.889244 127 120 101
-1.3338661 4.0 -2.889244 210 210 210
-1.3338661 0.0 -2.6300144 127 120 106
-1.3338661 4.0 -2.6300144 210 210 210
-1.3338661 0.0 -2.3707848 127 120 110
-1.3338661 4.0 -2.3707848 210 210 210
-1.3338661 0.0 -2.111555 127 120 114
-1.3338661 4.0 -2.111555 210 210 210
-1.3338661 0.0 -1.8523254 127 120 119
-1.3338661 4.0 -1.8523254 210 210 210
-1.3338661 0.0 -1.5930958 127 120 123
-1.3338661 4.0 -1.5930958 210 210 210
-1.3338661 0.0 -1.3338661 127 120 127
-1.3338661 4.0 -1.3338661 210 210 210
-1.3338661 0.0 -1.0746365 127 120 132
-1.3338661 4.0 -1.0746365 210 210 210
-1.3338661 0.0 -0.8154068 127 120 136
-1.3338661 4.0 -0.8154068 210 210 210
-1.3338661 0.0 -0.55617714 127 120 140
-1.3338661 4.0 -0.55617714 210 210 210
-1.3338661 0.0 -0.2969475 127 120 145
-1.3338661 4.0 -0.2969475 210 210 210
-1.3338661 0.0 -0.03771788 127 120 149
-1.3338661 4.0 -0.03771788 210 210 210
-1.3338661 0.0 0.22151175 127 120 153
-1.3338661 4.0 0.22151175 210 210 210
-1.3338661 0.0 0.48074138 127 120 158
-1.3338661 4.0 0.48074138 210 210 210
-1.3338661 0.0 0.73997104 127 120 162
-1.3338661 4.0 0.73997104 210 210 210
-1.3338661 0.0 0.9992007 127 120 166
-1.3338661 4.0 0.9992007 210 210 210
-1.3338661 0.0 1.2584304 127 120 170
-1.3338661 4.0 1.2584304 210 210 210
-1.3338661 0.0 1.51766 127 120 175
-1.3338661 4.0 1.51766 210 210 210
-1.3338661 0.0 1.7768897 127 120 179
-1.3338661 4.0 1.7768897 210 210 210
-1.3338661 0.0 2.0361192 127 120 183
-1.3338661 4.0 2.0361192 210 210 210
-1.3338661 0.0 2.295349 127 120 188
-1.3338661 4.0 2.295349 210 210 210
-1.3338661 0.0 2.5545785 127 120 192
-1.3338661 4.0 2.5545785 210 210 210
-1.3338661 0.0 2.8138082 127 120 196
-1.3338661 4.0 2.8138082 210 210 210
-1.3338661 0.0 3.0730379 127 120 201
-1.3338661 4.0 3.0730379 210 210 210
-1.3338661 0.0 3.3322675 127 120 205
-1.3338661 4.0 3.3322675 210 210 210
-1.3338661 0.0 3.5914972 127 120 209
-1.3338661 4.0 3.5914972 210 210 210
-1.3338661 0.0 3.8507268 127 120 214
-1.3338661 4.0 3.8507268 210 210 210
-1.3338661 0.0 4.1099563 127 120 218
-1.3338661 4.0 4.1099563 210 210 210
-1.3338661 0.0 4.369186 127 120 222
-1.3338661 4.0 4.369186 210 210 210
-1.3338661 0.0 4.6284156 127 120 227
-1.3338661 4.0 4.6284156 210 210 210
-1.3338661 0.0 4.8876452 127 120 231
-1.3338661 4.0 4.8876452 210 210 210
-1.3338661 0.0 5.146875 127 120 235
-1.3338661 4.0 5.146875 210 210 210
-1.3338661 0.0 5.4061046 127 120 240
-1.3338661 4.0 5.4061046 210 210 210
-1.3338661 0.0 5.665334 127 120 244
-1.3338661 4.0 5.665334 210 210 210
-1.3338661 0.0 5.924564 127 120 248
-1.3338661 4.0 5.924564 210 210 210
-1.0746365 0.0 -6 132 120 50
-1.0746365 4.0 -6 210 210 210
-1.0746365 0.0 -5.7407703 132 120 54
-1.0746365 4.0 -5.7407703 210 210 210
-1.0746365 0.0 -5.4815407 132 120 58
-1.0746365 4.0 -5.4815407 210 210 210
-1.0746365 0.0 -5.222311 132 120 62
-1.0746365 4.0 -5.222311 210 210 210
-1.0746365 0.0 -4.9630814 132 120 67
-1.0746365 4.0 -4.9630814 210 210 210
-1.0746365 0.0 -4.7038517 132 120 71
-1.0746365 4.0 -4.7038517 210 210 210
-1.0746365 0.0 -4.444622 132 120 75
-1.0746365 4.0 -4.444622 210 210 210
-1.0746365 0.0 -4.1853924 132 120 80
-1.0746365 4.0 -4.1853924 210 210 210
-1.0746365 0.0 -3.9261627 132 120 84
-1.0746365 4.0 -3.9261627 210 210 210
-1.0746365 0.0 -3.666933 132 120 88
-1.0746365 4.0 -3.666933 210 210 210
-1.0746365 0.0 -3.4077034 132 120 93
-1.0746365 4.0 -3.4077034 210 210 210
-1.0746365 0.0 -3.1484737 132 120 97
-1.0746365 4.0 -3.1484737 210 210 210
-1.0746365 0.0 -2.889244 132 120 101
-1.0746365 4.0 -2.889244 210 210 210
-1.0746365 0.0 -2.6300144 132 120 106
-1.0746365 4.0 -2.6300144 210 210 210
-1.0746365 0.0 -2.3707848 132 120 110
-1.0746365 4.0 -2.3707848 210 210 210
-1.0746365 0.0 -2.111555 132 120 114
-1.0746365 4.0 -2.111555 210 210 210
-1.0746365 0.0 -1.8523254 132 120 119
-1.0746365 4.0 -1.8523254 210 210 210
-1.0746365 0.0 -1.5930958 132 120 123
-1.0746365 4.0 -1.5930958 210 210 210
-1.0746365 0.0 -1.3338661 132 120 127
-1.0746365 4.0 -1.3338661 210 210 210
-1.0746365 0.0 -1.0746365 132 120 132
-1.0746365 4.0 -1.0746365 210 210 210
-1.0746365 0.0 -0.8154068 132 120 136
-1.0746365 4.0 -0.8154068 210 210 210
-1.0746365 0.0 -0.55617714 132 120 140
-1.0746365 4.0 -0.55617714 210 210 210
-1.0746365 0.0 -0.2969475 132 120 145
-1.0746365 4.0 -0.2969475 210 210 210
-1.0746365 0.0 -0.03771788 132 120 149
-1.0746365 4.0 -0.03771788 210 210 210
-1.0746365 0.0 0.22151175 132 120 153
-1.0746365 4.0 0.22151175 210 210 210
-1.0746365 0.0 0.48074138 132 120 158
-1.0746365 4.0 0.48074138 210 210 210
-1.0746365 0.0 0.73997104 132 120 162
-1.0746365 4.0 0.73997104 210 210 210
-1.0746365 0.0 0.9992007 132 120 166
-1.0746365 4.0 0.9992007 210 210 210
-1.0746365 0.0 1.2584304 132 120 170
-1.0746365 4.0 1.2584304 210 210 210
-1.0746365 0.0 1.51766 132 120 175
-1.0746365 4.0 1.51766 210 210 210
-1.0746365 0.0 1.7768897 132 120 179
-1.0746365 4.0 1.7768897 210 210 210
-1.0746365 0.0 2.0361192 132 120 183
-1.0746365 4.0 2.0361192 210 210 210
-1.0746365 0.0 2.295349 132 120 188
-1.0746365 4.0 2.295349 210 210 210
-1.0746365 0.0 2.5545785 132 120 192
-1.0746365 4.0 2.5545785 210 210 210
-1.0746365 0.0 2.8138082 132 120 196
-1.0746365 4.0 2.8138082 210 210 210
-1.0746365 0.0 3.0730379 132 120 201
-1.0746365 4.0 3.0730379 210 210 210
-1.0746365 0.0 3.3322675 132 120 205
-1.0746365 4.0 3.3322675 210 210 210
-1.0746365 0.0 3.5914972 132 120 209
-1.0746365 4.0 3.5914972 210 210 210
-1.0746365 0.0 3.8507268 132 120 214
-1.0746365 4.0 3.8507268 210 210 210
-1.0746365 0.0 4.1099563 132 120 218
-1.0746365 4.0 4.1099563 210 210 210
-1.0746365 0.0 4.369186 132 120 222
-1.0746365 4.0 4.369186 210 210 210
-1.0746365 0.0 4.6284156 132 120 227
-1.0746365 4.0 4.6284156 210 210 210
-1.0746365 0.0 4.8876452 132 120 231
-1.0746365 4.0 4.8876452 210 210 210
-1.0746365 0.0 5.146875 132 120 235
-1.0746365 4.0 5.146875 210 210 210
-1.0746365 0.0 5.4061046 132 120 240
-1.0746365 4.0 5.4061046 210 210 210
-1.0746365 0.0 5.665334 132 120 244
-1.0746365 4.0 5.665334 210 210 210
-1.0746365 0.0 5.924564 132 120 248
-1.0746365 4.0 5.924564 210 210 210
-0.8154068 0.0 -6 136 120 50
-0.8154068 4.0 -6 210 210 210
-0.8154068 0.0 -5.7407703 136 120 54
-0.8154068 4.0 -5.7407703 210 210 210
-0.8154068 0.0 -5.4815407 136 120 58
-0.8154068 4.0 -5.4815407 210 210 210
-0.8154068 0.0 -5.222311 136 120 62
-0.8154068 4.0 -5.222311 210 210 210
-0.8154068 0.0 -4.9630814 136 120 67
-0.8154068 4.0 -4.9630814 210 210 210
-0.8154068 0.0 -4.7038517 136 120 71
-0.8154068 4.0 -4.7038517 210 210 210
-0.8154068 0.0 -4.444622 136 120 75
-0.8154068 4.0 -4.444622 210 210 210
-0.8154068 0.0 -4.1853924 136 120 80
-0.8154068 4.0 -4.1853924 210 210 210
-0.8154068 0.0 -3.9261627 136 120 84
-0.8154068 4.0 -3.9261627 210 210 210
-0.8154068 0.0 -3.666933 136 120 88
-0.8154068 4.0 -3.666933 210 210 210
-0.8154068 0.0 -3.4077034 136 120 93
-0.8154068 4.0 -3.4077034 210 210 210
-0.8154068 0.0 -3.1484737 136 120 97
-0.8154068 4.0 -3.1484737 210 210 210
-0.8154068 0.0 -2.889244 136 120 101
-0.8154068 4.0 -2.889244 210 210 210
-0.8154068 0.0 -2.6300144 136 120 106
-0.8154068 4.0 -2.6300144 210 210 210
-0.8154068 0.0 -2.3707848 136 120 110
-0.8154068 4.0 -2.3707848 210 210 210
-0.8154068 0.0 -2.111555 136 120 114
-0.8154068 4.0 -2.111555 210 210 210
-0.8154068 0.0 -1.8523254 136 120 119
-0.8154068 4.0 -1.8523254 210 210 210
-0.8154068 0.0 -1.5930958 136 120 123
-0.8154068 4.0 -1.5930958 210 210 210
-0.8154068 0.0 -1.3338661 136 120 127
-0.8154068 4.0 -1.3338661 210 210 210
-0.8154068 0.0 -1.0746365 136 120 132
-0.8154068 4.0 -1.0746365 210 210 210
-0.8154068 0.0 -0.8154068 136 120 136
-0.8154068 4.0 -0.8154068 210 210 210
-0.8154068 0.0 -0.55617714 136 120 140
-0.8154068 4.0 -0.55617714 210 210 210
-0.8154068 0.0 -0.2969475 136 120 145
-0.8154068 4.0 -0.2969475 210 210 210
-0.8154068 0.0 -0.03771788 136 120 149
-0.8154068 4.0 -0.03771788 210 210 210
-0.8154068 0.0 0.22151175 136 120 153
-0.8154068 4.0 0.22151175 210 210 210
-0.8154068 0.0 0.48074138 136 120 158
-0.8154068 4.0 0.48074138 210 210 210
-0.8154068 0.0 0.73997104 136 120 162
-0.8154068 4.0 0.73997104 210 210 210
-0.8154068 0.0 0.9992007 136 120 166
-0.8154068 4.0 0.9992007 210 210 210
-0.8154068 0.0 1.2584304 136 120 170
-0.8154068 4.0 1.2584304 210 210 210
-0.8154068 0.0 1.51766 136 120 175
-0.8154068 4.0 1.51766 210 210 210
-0.8154068 0.0 1.7768897 136 120 179
-0.8154068 4.0 1.7768897 210 210 210
-0.8154068 0.0 2.0361192 136 120 183
-0.8154068 4.0 2.0361192 210 210 210
-0.8154068 0.0 2.295349 136 120 188
-0.8154068 4.0 2.295349 210 210 210
-0.8154068 0.0 2.5545785 136 120 192
-0.8154068 4.0 2.5545785 210 210 210
-0.8154068 0.0 2.8138082 136 120 196
-0.8154068 4.0 2.8138082 210 210 210
-0.8154068 0.0 3.0730379 136 120 201
-0.8154068 4.0 3.0730379 210 210 210
-0.8154068 0.0 3.3322675 136 120 205
-0.8154068 4.0 3.3322675 210 210 210
-0.8154068 0.0 3.5914972 136 120 209
-0.8154068 4.0 3.5914972 210 210 210
-0.8154068 0.0 3.8507268 136 120 214
-0.8154068 4.0 3.8507268 210 210 210
-0.8154068 0.0 4.1099563 136 120 218
-0.8154068 4.0 4.1099563 210 210 210
-0.8154068 0.0 4.369186 136 120 222
-0.8154068 4.0 4.369186 210 210 210
-0.8154068 0.0 4.6284156 136 120 227
-0.8154068 4.0 4.6284156 210 210 210
-0.8154068 0.0 4.8876452 136 120 231
-0.8154068 4.0 4.8876452 210 210 210
-0.8154068 0.0 5.146875 136 120 235
-0.8154068 4.0 5.146875 210 210 210
-0.8154068 0.0 5.4061046 136 120 240
-0.8154068 4.0 5.4061046 210 210 210
-0.8154068 0.0 5.665334 136 120 244
-0.8154068 4.0 5.665334 210 210 210
-0.8154068 0.0 5.924564 136 120 248
-0.8154068 4.0 5.924564 210 210 210
-0.55617714 0.0 -6 140 120 50
-0.55617714 4.0 -6 210 210 210
-0.55617714 0.0 -5.7407703 140 120 54
-0.55617714 4.0 -5.7407703 210 210 210
-0.55617714 0.0 -5.4815407 140 120 58
-0.55617714 4.0 -5.4815407 210 210 210
-0.55617714 0.0 -5.222311 140 120 62
-0.55617714 4.0 -5.222311 210 210 210
-0.55617714 0.0 -4.9630814 140 120 67
-0.55617714 4.0 -4.9630814 210 210 210
-0.55617714 0.0 -4.7038517 140 120 71
-0.55617714 4.0 -4.7038517 210 210 210
-0.55617714 0.0 -4.444622 140 120 75
-0.55617714 4.0 -4.444622 210 210 210
-0.55617714 0.0 -4.1853924 140 120 80
-0.55617714 4.0 -4.1853924 210 210 210
-0.55617714 0.0 -3.9261627 140 120 84
-0.55617714 4.0 -3.9261627 210 210 210
-0.55617714 0.0 -3.666933 140 120 88
-0.55617714 4.0 -3.666933 210 210 210
-0.55617714 0.0 -3.4077034 140 120 93
-0.55617714 4.0 -3.4077034 210 210 210
-0.55617714 0.0 -3.1484737 140 120 97
-0.55617714 4.0 -3.1484737 210 210 210
-0.55617714 0.0 -2.889244 140 120 101
-0.55617714 4.0 -2.889244 210 210 210
-0.55617714 0.0 -2.6300144 140 120 106
-0.55617714 4.0 -2.6300144 210 210 210
-0.55617714 0.0 -2.3707848 140 120 110
-0.55617714 4.0 -2.3707848 210 210 210
-0.55617714 0.0 -2.111555 140 120 114
-0.55617714 4.0 -2.111555 210 210 210
-0.55617714 0.0 -1.8523254 140 120 119
-0.55617714 4.0 -1.8523254 210 210 210
-0.55617714 0.0 -1.5930958 140 120 123
-0.55617714 4.0 -1.5930958 210 210 210
-0.55617714 0.0 -1.3338661 140 120 127
-0.55617714 4.0 -1.3338661 210 210 210
-0.55617714 0.0 -1.0746365 140 120 132
-0.55617714 4.0 -1.0746365 210 210 210
-0.55617714 0.0 -0.8154068 140 120 136
-0.55617714 4.0 -0.8154068 210 210 210
-0.55617714 0.0 -0.55617714 140 120 140
-0.55617714 4.0 -0.55617714 210 210 210
-0.55617714 0.0 -0.2969475 140 120 145
-0.55617714 4.0 -0.2969475 210 210 210
-0.55617714 0.0 -0.03771788 140 120 149
-0.55617714 4.0 -0.03771788 210 210 210
-0.55617714 0.0 0.22151175 140 120 153
-0.55617714 4.0 0.22151175 210 210 210
-0.55617714 0.0 0.48074138 140 120 158
-0.55617714 4.0 0.48074138 210 210 210
-0.55617714 0.0 0.73997104 140 120 162
-0.55617714 4.0 0.73997104 210 210 210
-0.55617714 0.0 0.9992007 140 120 166
-0.55617714 4.0 0.9992007 210 210 210
-0.55617714 0.0 1.2584304 140 120 170
-0.55617714 4.0 1.2584304 210 210 210
-0.55617714 0.0 1.51766 140 120 175
-0.55617714 4.0 1.51766 210 210 210
-0.55617714 0.0 1.7768897 140 120 179
-0.55617714 4.0 1.7768897 210 210 210
-0.55617714 0.0 2.0361192 140 120 183
-0.55617714 4.0 2.0361192 210 210 210
-0.55617714 0.0 2.295349 140 120 188
-0.55617714 4.0 2.295349 210 210 210
-0.55617714 0.0 2.5545785 140 120 192
-0.55617714 4.0 2.5545785 210 210 210
-0.55617714 0.0 2.8138082 140 120 196
-0.55617714 4.0 2.8138082 210 210 210
-0.55617714 0.0 3.0730379 140 120 201
-0.55617714 4.0 3.0730379 210 210 210
-0.55617714 0.0 3.3322675 140 120 205
-0.55617714 4.0 3.3322675 210 210 210
-0.55617714 0.0 3.5914972 140 120 209
-0.55617714 4.0 3.5914972 210 210 210
-0.55617714 0.0 3.8507268 140 120 214
-0.55617714 4.0 3.8507268 210 210 210
-0.55617714 0.0 4.1099563 140 120 218
-0.55617714 4.0 4.1099563 210 210 210
-0.55617714 0.0 4.369186 140 120 222
-0.55617714 4.0 4.369186 210 210 210
-0.55617714 0.0 4.6284156 140 120 227
-0.55617714 4.0 4.6284156 210 210 210
-0.55617714 0.0 4.8876452 140 120 231
-0.55617714 4.0 4.8876452 210 210 210
-0.55617714 0.0 5.146875 140 120 235
-0.55617714 4.0 5.146875 210 210 210
-0.55617714 0.0 5.4061046 140 120 240
-0.55617714 4.0 5.4061046 210 210 210
-0.55617714 0.0 5.665334 140 120 244
-0.55617714 4.0 5.665334 210 210 210
-0.55617714 0.0 5.924564 140 120 248
-0.55617714 4.0 5.924564 210 210 210
-0.2969475 0.0 -6 145 120 50
-0.2969475 4.0 -6 210 210 210
-0.2969475 0.0 -5.7407703 145 120 54
-0.2969475 4.0 -5.7407703 210 210 210
-0.2969475 0.0 -5.4815407 145 120 58
-0.2969475 4.0 -5.4815407 210 210 210
-0.2969475 0.0 -5.222311 145 120 62
-0.2969475 4.0 -5.222311 210 210 210
-0.2969475 0.0 -4.9630814 145 120 67
-0.2969475 4.0 -4.9630814 210 210 210
-0.2969475 0.0 -4.7038517 145 120 71
-0.2969475 4.0 -4.7038517 210 210 210
-0.2969475 0.0 -4.444622 145 120 75
-0.2969475 4.0 -4.444622 210 210 210
-0.2969475 0.0 -4.1853924 145 120 80
-0.2969475 4.0 -4.1853924 210 210 210
-0.2969475 0.0 -3.9261627 145 120 84
-0.2969475 4.0 -3.9261627 210 210 210
-0.2969475 0.0 -3.666933 145 120 88
-0.2969475 4.0 -3.666933 210 210 210
-0.2969475 0.0 -3.4077034 145 120 93
-0.2969475 4.0 -3.4077034 210 210 210
-0.2969475 0.0 -3.1484737 145 120 97
-0.2969475 4.0 -3.1484737 210 210 210
-0.2969475 0.0 -2.889244 145 120 101
-0.2969475 4.0 -2.889244 210 210 210
-0.2969475 0.0 -2.6300144 145 120 106
-0.2969475 4.0 -2.6300144 210 210 210
-0.2969475 0.0 -2.3707848 145 120 110
-0.2969475 4.0 -2.3707848 210 210 210
-0.2969475 0.0 -2.111555 145 120 114
-0.2969475 4.0 -2.111555 210 210 210
-0.2969475 0.0 -1.8523254 145 120 119
-0.2969475 4.0 -1.8523254 210 210 210
-0.2969475 0.0 -1.5930958 145 120 123
-0.2969475 4.0 -1.5930958 210 210 210
-0.2969475 0.0 -1.3338661 145 120 127
-0.2969475 4.0 -1.3338661 210 210 210
-0.2969475 0.0 -1.0746365 145 120 132
-0.2969475 4.0 -1.0746365 210 210 210
-0.2969475 0.0 -0.8154068 145 120 136
-0.2969475 4.0 -0.8154068 210 210 210
-0.2969475 0.0 -0.55617714 145 120 140
-0.2969475 4.0 -0.55617714 210 210 210
-0.2969475 0.0 -0.2969475 145 120 145
-0.2969475 4.0 -0.2969475 210 210 210
-0.2969475 0.0 -0.03771788 145 120 149
-0.2969475 4.0 -0.03771788 210 210 210
-0.2969475 0.0 0.22151175 145 120 153
-0.2969475 4.0 0.22151175 210 210 210
-0.2969475 0.0 0.48074138 145 120 158
-0.2969475 4.0 0.48074138 210 210 210
-0.2969475 0.0 0.73997104 145 120 162
-0.2969475 4.0 0.73997104 210 210 210
-0.2969475 0.0 0.9992007 145 120 166
-0.2969475 4.0 0.9992007 210 210 210
-0.2969475 0.0 1.2584304 145 120 170
-0.2969475 4.0 1.2584304 210 210 210
-0.2969475 0.0 1.51766 145 120 175
-0.2969475 4.0 1.51766 210 210 210
-0.2969475 0.0 1.7768897 145 120 179
-0.2969475 4.0 1.7768897 210 210 210
-0.2969475 0.0 2.0361192 145 120 183
-0.2969475 4.0 2.0361192 210 210 210
-0.2969475 0.0 2.295349 145 120 188
-0.2969475 4.0 2.295349 210 210 210
-0.2969475 0.0 2.5545785 145 120 192
-0.2969475 4.0 2.5545785 210 210 210
-0.2969475 0.0 2.8138082 145 120 196
-0.2969475 4.0 2.8138082 210 210 210
-0.2969475 0.0 3.0730379 145 120 201
-0.2969475 4.0 3.0730379 210 210 210
-0.2969475 0.0 3.3322675 145 120 205
-0.2969475 4.0 3.3322675 210 210 210
-0.2969475 0.0 3.5914972 145 120 209
-0.2969475 4.0 3.5914972 210 210 210
-0.2969475 0.0 3.8507268 145 120 214
-0.2969475 4.0 3.8507268 210 210 210
-0.2969475 0.0 4.1099563 145 120 218
-0.2969475 4.0 4.1099563 210 210 210
-0.2969475 0.0 4.369186 145 120 222
-0.2969475 4.0 4.369186 210 210 210
-0.2969475 0.0 4.6284156 145 120 227
-0.2969475 4.0 4.6284156 210 210 210
-0.2969475 0.0 4.8876452 145 120 231
-0.2969475 4.0 4.8876452 210 210 210
-0.2969475 0.0 5.146875 145 120 235
-0.2969475 4.0 5.146875 210 210 210
-0.2969475 0.0 5.4061046 145 120 240
-0.2969475 4.0 5.4061046 210 210 210
-0.2969475 0.0 5.665334 145 120 244
-0.2969475 4.0 5.665334 210 210 210
-0.2969475 0.0 5.924564 145 120 248
-0.2969475 4.0 5.924564 210 210 210
-0.03771788 0.0 -6 149 120 50
-0.03771788 4.0 -6 210 210 210
-0.03771788 0.0 -5.7407703 149 120 54
-0.03771788 4.0 -5.7407703 210 210 210
-0.03771788 0.0 -5.4815407 149 120 58
-0.03771788 4.0 -5.4815407 210 210 210
-0.03771788 0.0 -5.222311 149 120 62
-0.03771788 4.0 -5.222311 210 210 210
-0.03771788 0.0 -4.9630814 149 120 67
-0.03771788 4.0 -4.9630814 210 210 210
-0.03771788 0.0 -4.7038517 149 120 71
-0.03771788 4.0 -4.7038517 210 210 210
-0.03771788 0.0 -4.444622 149 120 75
-0.03771788 4.0 -4.444622 210 210 210
-0.03771788 0.0 -4.1853924 149 120 80
-0.03771788 4.0 -4.1853924 210 210 210
-0.03771788 0.0 -3.9261627 149 120 84
-0.03771788 4.0 -3.9261627 210 210 210
-0.03771788 0.0 -3.666933 149 120 88
-0.03771788 4.0 -3.666933 210 210 210
-0.03771788 0.0 -3.4077034 149 120 93
-0.03771788 4.0 -3.4077034 210 210 210
-0.03771788 0.0 -3.1484737 149 120 97
-0.03771788 4.0 -3.1484737 210 210 210
-0.03771788 0.0 -2.889244 149 120 101
-0.03771788 4.0 -2.889244 210 210 210
-0.03771788 0.0 -2.6300144 149 120 106
-0.03771788 4.0 -2.6300144 210 210 210
-0.03771788 0.0 -2.3707848 149 120 110
-0.03771788 4.0 -2.3707848 210 210 210
-0.03771788 0.0 -2.111555 149 120 114
-0.03771788 4.0 -2.111555 210 210 210
-0.03771788 0.0 -1.8523254 149 120 119
-0.03771788 4.0 -1.8523254 210 210 210
-0.03771788 0.0 -1.5930958 149 120 123
-0.03771788 4.0 -1.5930958 210 210 210
-0.03771788 0.0 -1.3338661 149 120 127
-0.03771788 4.0 -1.3338661 210 210 210
-0.03771788 0.0 -1.0746365 149 120 132
-0.03771788 4.0 -1.0746365 210 210 210
-0.03771788 0.0 -0.8154068 149 120 136
-0.03771788 4.0 -0.8154068 210 210 210
-0.03771788 0.0 -0.55617714 149 120 140
-0.03771788 4.0 -0.55617714 210 210 210
-0.03771788 0.0 -0.2969475 149 120 145
-0.03771788 4.0 -0.2969475 210 210 210
-0.03771788 0.0 -0.03771788 149 120 149
-0.03771788 4.0 -0.03771788 210 210 210
-0.03771788 0.0 0.22151175 149 120 153
-0.03771788 4.0 0.22151175 210 210 210
-0.03771788 0.0 0.48074138 149 120 158
-0.03771788 4.0 0.48074138 210 210 210
-0.03771788 0.0 0.73997104 149 120 162
-0.03771788 4.0 0.73997104 210 210 210
-0.03771788 0.0 0.9992007 149 120 166
-0.03771788 4.0 0.9992007 210 210 210
-0.03771788 0.0 1.2584304 149 120 170
-0.03771788 4.0 1.2584304 210 210 210
-0.03771788 0.0 1.51766 149 120 175
-0.03771788 4.0 1.51766 210 210 210
-0.03771788 0.0 1.7768897 149 120 179
-0.03771788 4.0 1.7768897 210 210 210
-0.03771788 0.0 2.0361192 149 120 183
-0.03771788 4.0 2.0361192 210 210 210
-0.03771788 0.0 2.295349 149 120 188
-0.03771788 4.0 2.295349 210 210 210
-0.03771788 0.0 2.5545785 149 120 192
-0.03771788 4.0 2.5545785 210 210 210
-0.03771788 0.0 2.8138082 149 120 196
-0.03771788 4.0 2.8138082 210 210 210
-0.03771788 0.0 3.0730379 149 120 201
-0.03771788 4.0 3.0730379 210 210 210
-0.03771788 0.0 3.3322675 149 120 205
-0.03771788 4.0 3.3322675 210 210 210
-0.03771788 0.0 3.5914972 149 120 209
-0.03771788 4.0 3.5914972 210 210 210
-0.03771788 0.0 3.8507268 149 120 214
-0.03771788 4.0 3.8507268 210 210 210
-0.03771788 0.0 4.1099563 149 120 218
-0.03771788 4.0 4.1099563 210 210 210
-0.03771788 0.0 4.369186 149 120 222
-0.03771788 4.0 4.369186 210 210 210
-0.03771788 0.0 4.6284156 149 120 227
-0.03771788 4.0 4.6284156 210 210 210
-0.03771788 0.0 4.8876452 149 120 231
-0.03771788 4.0 4.8876452 210 210 210
-0.03771788 0.0 5.146875 149 120 235
-0.03771788 4.0 5.146875 210 210 210
-0.03771788 0.0 5.4061046 149 120 240
-0.03771788 4.0 5.4061046 210 210 210
-0.03771788 0.0 5.665334 149 120 244
-0.03771788 4.0 5.665334 210 210 210
-0.03771788 0.0 5.924564 149 120 248
-0.03771788 4.0 5.924564 210 210 210
0.22151175 0.0 -6 153 120 50
0.22151175 4.0 -6 210 210 210
0.22151175 0.0 -5.7407703 153 120 54
0.22151175 4.0 -5.7407703 210 210 210
0.22151175 0.0 -5.4815407 153 120 58
0.22151175 4.0 -5.4815407 210 210 210
0.22151175 0.0 -5.222311 153 120 62
0.22151175 4.0 -5.222311 210 210 210
0.22151175 0.0 -4.9630814 153 120 67
0.22151175 4.0 -4.9630814 210 210 210
0.22151175 0.0 -4.7038517 153 120 71
0.22151175 4.0 -4.7038517 210 210 210
0.22151175 0.0 -4.444622 153 120 75
0.22151175 4.0 -4.444622 210 210 210
0.22151175 0.0 -4.1853924 153 120 80
0.22151175 4.0 -4.1853924 210 210 210
0.22151175 0.0 -3.9261627 153 120 84
0.22151175 4.0 -3.9261627 210 210 210
0.22151175 0.0 -3.666933 153 120 88
0.22151175 4.0 -3.666933 210 210 210
0.22151175 0.0 -3.4077034 153 120 93
0.22151175 4.0 -3.4077034 210 210 210
0.22151175 0.0 -3.1484737 153 120 97
0.22151175 4.0 -3.1484737 210 210 210
0.22151175 0.0 -2.889244 153 120 101
0.22151175 4.0 -2.889244 210 210 210
0.22151175 0.0 -2.6300144 153 120 106
0.22151175 4.0 -2.6300144 210 210 210
0.22151175 0.0 -2.3707848 153 120 110
0.22151175 4.0 -2.3707848 210 210 210
0.22151175 0.0 -2.111555 153 120 114
0.22151175 4.0 -2.111555 210 210 210
0.22151175 0.0 -1.8523254 153 120 119
0.22151175 4.0 -1.8523254 210 210 210
0.22151175 0.0 -1.5930958 153 120 123
0.22151175 4.0 -1.5930958 210 210 210
0.22151175 0.0 -1.3338661 153 120 127
0.22151175 4.0 -1.3338661 210 210 210
0.22151175 0.0 -1.0746365 153 120 132
0.22151175 4.0 -1.0746365 210 210 210
0.22151175 0.0 -0.8154068 153 120 136
0.22151175 4.0 -0.8154068 210 210 210
0.22151175 0.0 -0.55617714 153 120 140
0.22151175 4.0 -0.55617714 210 210 210
0.22151175 0.0 -0.2969475 153 120 145
0.22151175 4.0 -0.2969475 210 210 210
0.22151175 0.0 -0.03771788 153 120 149
0.22151175 4.0 -0.03771788 210 210 210
0.22151175 0.0 0.22151175 153 120 153
0.22151175 4.0 0.22151175 210 210 210
0.22151175 0.0 0.48074138 153 120 158
0.22151175 4.0 0.48074138 210 210 210
0.22151175 0.0 0.73997104 153 120 162
0.22151175 4.0 0.73997104 210 210 210
0.22151175 0.0 0.9992007 153 120 166
0.22151175 4.0 0.9992007 210 210 210
0.22151175 0.0 1.2584304 153 120 170
0.22151175 4.0 1.2584304 210 210 210
0.22151175 0.0 1.51766 153 120 175
0.22151175 4.0 1.51766 210 210 210
0.22151175 0.0 1.7768897 153 120 179
0.22151175 4.0 1.7768897 210 210 210
0.22151175 0.0 2.0361192 153 120 183
0.22151175 4.0 2.0361192 210 210 210
0.22151175 0.0 2.295349 153 120 188
0.22151175 4.0 2.295349 210 210 210
0.22151175 0.0 2.5545785 153 120 192
0.22151175 4.0 2.5545785 210 210 210
0.22151175 0.0 2.8138082 153 120 196
0.22151175 4.0 2.8138082 210 210 210
0.22151175 0.0 3.0730379 153 120 201
0.22151175 4.0 3.0730379 210 210 210
0.22151175 0.0 3.3322675 153 120 205
0.22151175 4.0 3.3322675 210 210 210
0.22151175 0.0 3.5914972 153 120 209
0.22151175 4.0 3.5914972 210 210 210
0.22151175 0.0 3.8507268 153 120 214
0.22151175 4.0 3.8507268 210 210 210
0.22151175 0.0 4.1099563 153 120 218
0.22151175 4.0 4.1099563 210 210 210
0.22151175 0.0 4.369186 153 120 222
0.22151175 4.0 4.369186 210 210 210
0.22151175 0.0 4.6284156 153 120 227
0.22151175 4.0 4.6284156 210 210 210
0.22151175 0.0 4.8876452 153 120 231
0.22151175 4.0 4.8876452 210 210 210
0.22151175 0.0 5.146875 153 120 235
0.22151175 4.0 5.146875 210 210 210
0.22151175 0.0 5.4061046 153 120 240
0.22151175 4.0 5.4061046 210 210 210
0.22151175 0.0 5.665334 153 120 244
0.22151175 4.0 5.665334 210 210 210
0.22151175 0.0 5.924564 153 120 248
0.22151175 4.0 5.924564 210 210 210
0.48074138 0.0 -6 158 120 50
0.48074138 4.0 -6 210 210 210
0.48074138 0.0 -5.7407703 158 120 54
0.48074138 4.0 -5.7407703 210 210 210
0.48074138 0.0 -5.4815407 158 120 58
0.48074138 4.0 -5.4815407 210 210 210
0.48074138 0.0 -5.222311 158 120 62
0.48074138 4.0 -5.222311 210 210 210
0.48074138 0.0 -4.9630814 158 120 67
0.48074138 4.0 -4.9630814 210 210 210
0.48074138 0.0 -4.7038517 158 120 71
0.48074138 4.0 -4.7038517 210 210 210
0.48074138 0.0 -4.444622 158 120 75
0.48074138 4.0 -4.444622 210 210 210
0.48074138 0.0 -4.1853924 158 120 80
0.48074138 4.0 -4.1853924 210 210 210
0.48074138 0.0 -3.9261627 158 120 84
0.48074138 4.0 -3.9261627 210 210 210
0.48074138 0.0 -3.666933 158 120 88
0.48074138 4.0 -3.666933 210 210 210
0.48074138 0.0 -3.4077034 158 120 93
0.48074138 4.0 -3.4077034 210 210 210
0.48074138 0.0 -3.1484737 158 120 97
0.48074138 4.0 -3.1484737 210 210 210
0.48074138 0.0 -2.889244 158 120 101
0.48074138 4.0 -2.889244 210 210 210
0.48074138 0.0 -2.6300144 158 120 106
0.48074138 4.0 -2.6300144 210 210 210
0.48074138 0.0 -2.3707848 158 120 110
0.48074138 4.0 -2.3707848 210 210 210
0.48074138 0.0 -2.111555 158 120 114
0.48074138 4.0 -2.111555 210 210 210
0.48074138 0.0 -1.8523254 158 120 119
0.48074138 4.0 -1.8523254 210 210 210
0.48074138 0.0 -1.5930958 158 120 123
0.48074138 4.0 -1.5930958 210 210 210
0.48074138 0.0 -1.3338661 158 120 127
0.48074138 4.0 -1.3338661 210 210 210
0.48074138 0.0 -1.0746365 158 120 132
0.48074138 4.0 -1.0746365 210 210 210
0.48074138 0.0 -0.8154068 158 120 136
0.48074138 4.0 -0.8154068 210 210 210
0.48074138 0.0 -0.55617714 158 120 140
0.48074138 4.0 -0.55617714 210 210 210
0.48074138 0.0 -0.2969475 158 120 145
0.48074138 4.0 -0.2969475 210 210 210
0.48074138 0.0 -0.03771788 158 120 149
0.48074138 4.0 -0.03771788 210 210 210
0.48074138 0.0 0.22151175 158 120 153
0.48074138 4.0 0.22151175 210 210 210
0.48074138 0.0 0.48074138 158 120 158
0.48074138 4.0 0.48074138 210 210 210
0.48074138 0.0 0.73997104 158 120 162
0.48074138 4.0 0.73997104 210 210 210
0.48074138 0.0 0.9992007 158 120 166
0.48074138 4.0 0.9992007 210 210 210
0.48074138 0.0 1.2584304 158 120 170
0.48074138 4.0 1.2584304 210 210 210
0.48074138 0.0 1.51766 158 120 175
0.48074138 4.0 1.51766 210 210 210
0.48074138 0.0 1.7768897 158 120 179
0.48074138 4.0 1.7768897 210 210 210
0.48074138 0.0 2.0361192 158 120 183
0.48074138 4.0 2.0361192 210 210 210
0.48074138 0.0 2.295349 158 120 188
0.48074138 4.0 2.295349 210 210 210
0.48074138 0.0 2.5545785 158 120 192
0.48074138 4.0 2.5545785 210 210 210
0.48074138 0.0 2.8138082 158 120 196
0.48074138 4.0 2.8138082 210 210 210
0.48074138 0.0 3.0730379 158 120 201
0.48074138 4.0 3.0730379 210 210 210
0.48074138 0.0 3.3322675 158 120 205
0.48074138 4.0 3.3322675 210 210 210
0.48074138 0.0 3.5914972 158 120 209
0.48074138 4.0 3.5914972 210 210 210
0.48074138 0.0 3.8507268 158 120 214
0.48074138 4.0 3.8507268 210 210 210
0.48074138 0.0 4.1099563 158 120 218
0.48074138 4.0 4.1099563 210 210 210
0.48074138 0.0 4.369186 158 120 222
0.48074138 4.0 4.369186 210 210 210
0.48074138 0.0 4.6284156 158 120 227
0.48074138 4.0 4.6284156 210 210 210
0.48074138 0.0 4.8876452 158 120 231
0.48074138 4.0 4.8876452 210 210 210
0.48074138 0.0 5.146875 158 120 235
0.48074138 4.0 5.146875 210 210 210
0.48074138 0.0 5.4061046 158 120 240
0.48074138 4.0 5.4061046 210 210 210
0.48074138 0.0 5.665334 158 120 244
0.48074138 4.0 5.665334 210 210 210
0.48074138 0.0 5.924564 158 120 248
0.48074138 4.0 5.924564 210 210 210
0.73997104 0.0 -6 162 120 50
0.73997104 4.0 -6 210 210 210
0.73997104 0.0 -5.7407703 162 120 54
0.73997104 4.0 -5.7407703 210 210 210
0.73997104 0.0 -5.4815407 162 120 58
0.73997104 4.0 -5.4815407 210 210 210
0.73997104 0.0 -5.222311 162 120 62
0.73997104 4.0 -5.222311 210 210 210
0.73997104 0.0 -4.9630814 162 120 67
0.73997104 4.0 -4.9630814 210 210 210
0.73997104 0.0 -4.7038517 162 120 71
0.73997104 4.0 -4.7038517 210 210 210
0.73997104 0.0 -4.444622 162 120 75
0.73997104 4.0 -4.444622 210 210 210
0.73997104 0.0 -4.1853924 162 120 80
0.73997104 4.0 -4.1853924 210 210 210
0.73997104 0.0 -3.9261627 162 120 84
0.73997104 4.0 -3.9261627 210 210 210
0.73997104 0.0 -3.666933 162 120 88
0.73997104 4.0 -3.666933 210 210 210
0.73997104 0.0 -3.4077034 162 120 93
0.73997104 4.0 -3.4077034 210 210 210
0.73997104 0.0 -3.1484737 162 120 97
0.73997104 4.0 -3.1484737 210 210 210
0.73997104 0.0 -2.889244 162 120 101
0.73997104 4.0 -2.889244 210 210 210
0.73997104 0.0 -2.6300144 162 120 106
0.73997104 4.0 -2.6300144 210 210 210
0.73997104 0.0 -2.3707848 162 120 110
0.73997104 4.0 -2.3707848 210 210 210
0.73997104 0.0 -2.111555 162 120 114
0.73997104 4.0 -2.111555 210 210 210
0.73997104 0.0 -1.8523254 162 120 119
0.73997104 4.0 -1.8523254 210 210 210
0.73997104 0.0 -1.5930958 162 120 123
0.73997104 4.0 -1.5930958 210 210 210
0.73997104 0.0 -1.3338661 162 120 127
0.73997104 4.0 -1.3338661 210 210 210
0.73997104 0.0 -1.0746365 162 120 132
0.73997104 4.0 -1.0746365 210 210 210
0.73997104 0.0 -0.8154068 162 120 136
0.73997104 4.0 -0.8154068 210 210 210
0.73997104 0.0 -0.55617714 162 120 140
0.73997104 4.0 -0.55617714 210 210 210
0.73997104 0.0 -0.2969475 162 120 145
0.73997104 4.0 -0.2969475 210 210 210
0.73997104 0.0 -0.03771788 162 120 149
0.73997104 4.0 -0.03771788 210 210 210
0.73997104 0.0 0.22151175 162 120 153
0.73997104 4.0 0.22151175 210 210 210
0.73997104 0.0 0.48074138 162 120 158
0.73997104 4.0 0.48074138 210 210 210
0.73997104 0.0 0.73997104 162 120 162
0.73997104 4.0 0.73997104 210 210 210
0.73997104 0.0 0.9992007 162 120 166
0.73997104 4.0 0.9992007 210 210 210
0.73997104 0.0 1.2584304 162 120 170
0.73997104 4.0 1.2584304 210 210 210
0.73997104 0.0 1.51766 162 120 175
0.73997104 4.0 1.51766 210 210 210
0.73997104 0.0 1.7768897 162 120 179
0.73997104 4.0 1.7768897 210 210 210
0.73997104 0.0 2.0361192 162 120 183
0.73997104 4.0 2.0361192 210 210 210
0.73997104 0.0 2.295349 162 120 188
0.73997104 4.0 2.295349 210 210 210
0.73997104 0.0 2.5545785 162 120 192
0.73997104 4.0 2.5545785 210 210 210
0.73997104 0.0 2.8138082 162 120 196
0.73997104 4.0 2.8138082 210 210 210
0.73997104 0.0 3.0730379 162 120 201
0.73997104 4.0 3.0730379 210 210 210
0.73997104 0.0 3.3322675 162 120 205
0.73997104 4.0 3.3322675 210 210 210
0.73997104 0.0 3.5914972 162 120 209
0.73997104 4.0 3.5914972 210 210 210
0.73997104 0.0 3.8507268 162 120 214
0.73997104 4.0 3.8507268 210 210 210
0.73997104 0.0 4.1099563 162 120 218
0.73997104 4.0 4.1099563 210 210 210
0.73997104 0.0 4.369186 162 120 222
0.73997104 4.0 4.369186 210 210 210
0.73997104 0.0 4.6284156 162 120 227
0.73997104 4.0 4.6284156 210 210 210
0.73997104 0.0 4.8876452 162 120 231
0.73997104 4.0 4.8876452 210 210 210
0.73997104 0.0 5.146875 162 120 235
0.73997104 4.0 5.146875 210 210 210
0.73997104 0.0 5.4061046 162 120 240
0.73997104 4.0 5.4061046 210 210 210
0.73997104 0.0 5.665334 162 120 244
0.73997104 4.0 5.665334 210 210 210
0.73997104 0.0 5.924564 162 120 248
0.73997104 4.0 5.924564 210 210 210
0.9992007 0.0 -6 166 120 50
0.9992007 4.0 -6 210 210 210
0.9992007 0.0 -5.7407703 166 120 54
0.9992007 4.0 -5.7407703 210 210 210
0.9992007 0.0 -5.4815407 166 120 58
0.9992007 4.0 -5.4815407 210 210 210
0.9992007 0.0 -5.222311 166 120 62
0.9992007 4.0 -5.222311 210 210 210
0.9992007 0.0 -4.9630814 166 120 67
0.9992007 4.0 -4.9630814 210 210 210
0.9992007 0.0 -4.7038517 166 120 71
0.9992007 4.0 -4.7038517 210 210 210
0.9992007 0.0 -4.444622 166 120 75
0.9992007 4.0 -4.444622 210 210 210
0.9992007 0.0 -4.1853924 166 120 80
0.9992007 4.0 -4.1853924 210 210 210
0.9992007 0.0 -3.9261627 166 120 84
0.9992007 4.0 -3.9261627 210 210 210
0.9992007 0.0 -3.666933 166 120 88
0.9992007 4.0 -3.666933 210 210 210
0.9992007 0.0 -3.4077034 166 120 93
0.9992007 4.0 -3.4077034 210 210 210
0.9992007 0.0 -3.1484737 166 120 97
0.9992007 4.0 -3.1484737 210 210 210
0.9992007 0.0 -2.889244 166 120 101
0.9992007 4.0 -2.889244 210 210 210
0.9992007 0.0 -2.6300144 166 120 106
0.9992007 4.0 -2.6300144 210 210 210
0.9992007 0.0 -2.3707848 166 120 110
0.9992007 4.0 -2.3707848 210 210 210
0.9992007 0.0 -2.111555 166 120 114
0.9992007 4.0 -2.111555 210 210 210
0.9992007 0.0 -1.8523254 166 120 119
0.9992007 4.0 -1.8523254 210 210 210
0.9992007 0.0 -1.5930958 166 120 123
0.9992007 4.0 -1.5930958 210 210 210
0.9992007 0.0 -1.3338661 166 120 127
0.9992007 4.0 -1.3338661 210 210 210
0.9992007 0.0 -1.0746365 166 120 132
0.9992007 4.0 -1.0746365 210 210 210
0.9992007 0.0 -0.8154068 166 120 136
0.9992007 4.0 -0.8154068 210 210 210
0.9992007 0.0 -0.55617714 166 120 140
0.9992007 4.0 -0.55617714 210 210 210
0.9992007 0.0 -0.2969475 166 120 145
0.9992007 4.0 -0.2969475 210 210 210
0.9992007 0.0 -0.03771788 166 120 149
0.9992007 4.0 -0.03771788 210 210 210
0.9992007 0.0 0.22151175 166 120 153
0.9992007 4.0 0.22151175 210 210 210
0.9992007 0.0 0.48074138 166 120 158
0.9992007 4.0 0.48074138 210 210 210
0.9992007 0.0 0.73997104 166 120 162
0.9992007 4.0 0.73997104 210 210 210
0.9992007 0.0 0.9992007 166 120 166
0.9992007 4.0 0.9992007 210 210 210
0.9992007 0.0 1.2584304 166 120 170
0.9992007 4.0 1.2584304 210 210 210
0.9992007 0.0 1.51766 166 120 175
0.9992007 4.0 1.51766 210 210 210
0.9992007 0.0 1.7768897 166 120 179
0.9992007 4.0 1.7768897 210 210 210
0.9992007 0.0 2.0361192 166 120 183
0.9992007 4.0 2.0361192 210 210 210
0.9992007 0.0 2.295349 166 120 188
0.9992007 4.0 2.295349 210 210 210
0.9992007 0.0 2.5545785 166 120 192
0.9992007 4.0 2.5545785 210 210 210
0.9992007 0.0 2.8138082 166 120 196
0.9992007 4.0 2.8138082 210 210 210
0.9992007 0.0 3.0730379 166 120 201
0.9992007 4.0 3.0730379 210 210 210
0.9992007 0.0 3.3322675 166 120 205
0.9992007 4.0 3.3322675 210 210 210
0.9992007 0.0 3.5914972 166 120 209
0.9992007 4.0 3.5914972 210 210 210
0.9992007 0.0 3.8507268 166 120 214
0.9992007 4.0 3.8507268 210 210 210
0.9992007 0.0 4.1099563 166 120 218
0.9992007 4.0 4.1099563 210 210 210
0.9992007 0.0 4.369186 166 120 222
0.9992007 4.0 4.369186 210 210 210
0.9992007 0.0 4.6284156 166 120 227
0.9992007 4.0 4.6284156 210 210 210
0.9992007 0.0 4.8876452 166 120 231
0.9992007 4.0 4.8876452 210 210 210
0.9992007 0.0 5.146875 166 120 235
0.9992007 4.0 5.146875 210 210 210
0.9992007 0.0 5.4061046 166 120 240
0.9992007 4.0 5.4061046 210 210 210
0.9992007 0.0 5.665334 166 120 244
0.9992007 4.0 5.665334 210 210 210
0.9992007 0.0 5.924564 166 120 248
0.9992007 4.0 5.924564 210 210 210
1.2584304 0.0 -6 170 120 50
1.2584304 4.0 -6 210 210 210
1.2584304 0.0 -5.7407703 170 120 54
1.2584304 4.0 -5.7407703 210 210 210
1.2584304 0.0 -5.4815407 170 120 58
1.2584304 4.0 -5.4815407 210 210 210
1.2584304 0.0 -5.222311 170 120 62
1.2584304 4.0 -5.222311 210 210 210
1.2584304 0.0 -4.9630814 170 120 67
1.2584304 4.0 -4.9630814 210 210 210
1.2584304 0.0 -4.7038517 170 120 71
1.2584304 4.0 -4.7038517 210 210 210
1.2584304 0.0 -4.444622 170 120 75
1.2584304 4.0 -4.444622 210 210 210
1.2584304 0.0 -4.1853924 170 120 80
1.2584304 4.0 -4.1853924 210 210 210
1.2584304 0.0 -3.9261627 170 120 84
1.2584304 4.0 -3.9261627 210 210 210
1.2584304 0.0 -3.666933 170 120 88
1.2584304 4.0 -3.666933 210 210 210
1.2584304 0.0 -3.4077034 170 120 93
1.2584304 4.0 -3.4077034 210 210 210
1.2584304 0.0 -3.1484737 170 120 97
1.2584304 4.0 -3.1484737 210 210 210
1.2584304 0.0 -2.889244 170 120 101
1.2584304 4.0 -2.889244 210 210 210
1.2584304 0.0 -2.6300144 170 120 106
1.2584304 4.0 -2.6300144 210 210 210
1.2584304 0.0 -2.3707848 170 120 110
1.2584304 4.0 -2.3707848 210 210 210
1.2584304 0.0 -2.111555 170 120 114
1.2584304 4.0 -2.111555 210 210 210
1.2584304 0.0 -1.8523254 170 120 119
1.2584304 4.0 -1.8523254 210 210 210
1.2584304 0.0 -1.5930958 170 120 123
1.2584304 4.0 -1.5930958 210 210 210
1.2584304 0.0 -1.3338661 170 120 127
1.2584304 4.0 -1.3338661 210 210 210
1.2584304 0.0 -1.0746365 170 120 132
1.2584304 4.0 -1.0746365 210 210 210
1.2584304 0.0 -0.8154068 170 120 136
1.2584304 4.0 -0.8154068 210 210 210
1.2584304 0.0 -0.55617714 170 120 140
1.2584304 4.0 -0.55617714 210 210 210
1.2584304 0.0 -0.2969475 170 120 145
1.2584304 4.0 -0.2969475 210 210 210
1.2584304 0.0 -0.03771788 170 120 149
1.2584304 4.0 -0.03771788 210 210 210
1.2584304 0.0 0.22151175 170 120 153
1.2584304 4.0 0.22151175 210 210 210
1.2584304 0.0 0.48074138 170 120 158
1.2584304 4.0 0.48074138 210 210 210
1.2584304 0.0 0.73997104 170 120 162
1.2584304 4.0 0.73997104 210 210 210
1.2584304 0.0 0.9992007 170 120 166
1.2584304 4.0 0.9992007 210 210 210
1.2584304 0.0 1.2584304 170 120 170
1.2584304 4.0 1.2584304 210 210 210
1.2584304 0.0 1.51766 170 120 175
1.2584304 4.0 1.51766 210 210 210
1.2584304 0.0 1.7768897 170 120 179
1.2584304 4.0 1.7768897 210 210 210
1.2584304 0.0 2.0361192 170 120 183
1.2584304 4.0 2.0361192 210 210 210
1.2584304 0.0 2.295349 170 120 188
1.2584304 4.0 2.295349 210 210 210
1.2584304 0.0 2.5545785 170 120 192
1.2584304 4.0 2.5545785 210 210 210
1.2584304 0.0 2.8138082 170 120 196
1.2584304 4.0 2.8138082 210 210 210
1.2584304 0.0 3.0730379 170 120 201
1.2584304 4.0 3.0730379 210 210 210
1.2584304 0.0 3.3322675 170 120 205
1.2584304 4.0 3.3322675 210 210 210
1.2584304 0.0 3.5914972 170 120 209
1.2584304 4.0 3.5914972 210 210 210
1.2584304 0.0 3.8507268 170 120 214
1.2584304 4.0 3.8507268 210 210 210
1.2584304 0.0 4.1099563 170 120 218
1.2584304 4.0 4.1099563 210 210 210
1.2584304 0.0 4.369186 170 120 222
1.2584304 4.0 4.369186 210 210 210
1.2584304 0.0 4.6284156 170 120 227
1.2584304 4.0 4.6284156 210 210 210
1.2584304 0.0 4.8876452 170 120 231
1.2584304 4.0 4.8876452 210 210 210
1.2584304 0.0 5.146875 170 120 235
1.2584304 4.0 5.146875 210 210 210
1.2584304 0.0 5.4061046 170 120 240
1.2584304 4.0 5.4061046 210 210 210
1.2584304 0.0 5.665334 170 120 244
1.2584304 4.0 5.665334 210 210 210
1.2584304 0.0 5.924564 170 120 248
1.2584304 4.0 5.924564 210 210 210
1.51766 0.0 -6 175 120 50
1.51766 4.0 -6 210 210 210
1.51766 0.0 -5.7407703 175 120 54
1.51766 4.0 -5.7407703 210 210 210
1.51766 0.0 -5.4815407 175 120 58
1.51766 4.0 -5.4815407 210 210 210
1.51766 0.0 -5.222311 175 120 62
1.51766 4.0 -5.222311 210 210 210
1.51766 0.0 -4.9630814 175 120 67
1.51766 4.0 -4.9630814 210 210 210
1.51766 0.0 -4.7038517 175 120 71
1.51766 4.0 -4.7038517 210 210 210
1.51766 0.0 -4.444622 175 120 75
1.51766 4.0 -4.444622 210 210 210
1.51766 0.0 -4.1853924 175 120 80
1.51766 4.0 -4.1853924 210 210 210
1.51766 0.0 -3.9261627 175 120 84
1.51766 4.0 -3.9261627 210 210 210
1.51766 0.0 -3.666933 175 120 88
1.51766 4.0 -3.666933 210 210 210
1.51766 0.0 -3.4077034 175 120 93
1.51766 4.0 -3.4077034 210 210 210
1.51766 0.0 -3.1484737 175 120 97
1.51766 4.0 -3.1484737 210 210 210
1.51766 0.0 -2.889244 175 120 101
1.51766 4.0 -2.889244 210 210 210
1.51766 0.0 -2.6300144 175 120 106
1.51766 4.0 -2.6300144 210 210 210
1.51766 0.0 -2.3707848 175 120 110
1.51766 4.0 -2.3707848 210 210 210
1.51766 0.0 -2.111555 175 120 114
1.51766 4.0 -2.111555 210 210 210
1.51766 0.0 -1.8523254 175 120 119
1.51766 4.0 -1.8523254 210 210 210
1.51766 0.0 -1.5930958 175 120 123
1.51766 4.0 -1.5930958 210 210 210
1.51766 0.0 -1.3338661 175 120 127
1.51766 4.0 -1.3338661 210 210 210
1.51766 0.0 -1.0746365 175 120 132
1.51766 4.0 -1.0746365 210 210 210
1.51766 0.0 -0.8154068 175 120 136
1.51766 4.0 -0.8154068 210 210 210
1.51766 0.0 -0.55617714 175 120 140
1.51766 4.0 -0.55617714 210 210 210
1.51766 0.0 -0.2969475 175 120 145
1.51766 4.0 -0.2969475 210 210 210
1.51766 0.0 -0.03771788 175 120 149
1.51766 4.0 -0.03771788 210 210 210
1.51766 0.0 0.22151175 175 120 153
1.51766 4.0 0.22151175 210 210 210
1.51766 0.0 0.48074138 175 120 158
1.51766 4.0 0.48074138 210 210 210
1.51766 0.0 0.73997104 175 120 162
1.51766 4.0 0.73997104 210 210 210
1.51766 0.0 0.9992007 175 120 166
1.51766 4.0 0.9992007 210 210 210
1.51766 0.0 1.2584304 175 120 170
1.51766 4.0 1.2584304 210 210 210
1.51766 0.0 1.51766 175 120 175
1.51766 4.0 1.51766 210 210 210
1.51766 0.0 1.7768897 175 120 179
1.51766 4.0 1.7768897 210 210 210
1.51766 0.0 2.0361192 175 120 183
1.51766 4.0 2.0361192 210 210 210
1.51766 0.0 2.295349 175 120 188
1.51766 4.0 2.295349 210 210 210
1.51766 0.0 2.5545785 175 120 192
1.51766 4.0 2.5545785 210 210 210
1.51766 0.0 2.8138082 175 120 196
1.51766 4.0 2.8138082 210 210 210
1.51766 0.0 3.0730379 175 120 201
1.51766 4.0 3.0730379 210 210 210
1.51766 0.0 3.3322675 175 120 205
1.51766 4.0 3.3322675 210 210 210
1.51766 0.0 3.5914972 175 120 209
1.51766 4.0 3.5914972 210 210 210
1.51766 0.0 3.8507268 175 120 214
1.51766 4.0 3.8507268 210 210 210
1.51766 0.0 4.1099563 175 120 218
1.51766 4.0 4.1099563 210 210 210
1.51766 0.0 4.369186 175 120 222
1.51766 4.0 4.369186 210 210 210
1.51766 0.0 4.6284156 175 120 227
1.51766 4.0 4.6284156 210 210 210
1.51766 0.0 4.8876452 175 120 231
1.51766 4.0 4.8876452 210 210 210
1.51766 0.0 5.146875 175 120 235
1.51766 4.0 5.146875 210 210 210
1.51766 0.0 5.4061046 175 120 240
1.51766 4.0 5.4061046 210 210 210
1.51766 0.0 5.665334 175 120 244
1.51766 4.0 5.665334 210 210 210
1.51766 0.0 5.924564 175 120 248
1.51766 4.0 5.924564 210 210 210
1.7768897 0.0 -6 179 120 50
1.7768897 4.0 -6 210 210 210
1.7768897 0.0 -5.7407703 179 120 54
1.7768897 4.0 -5.7407703 210 210 210
1.7768897 0.0 -5.4815407 179 120 58
1.7768897 4.0 -5.4815407 210 210 210
1.7768897 0.0 -5.222311 179 120 62
1.7768897 4.0 -5.222311 210 210 210
1.7768897 0.0 -4.9630814 179 120 67
1.7768897 4.0 -4.9630814 210 210 210
1.7768897 0.0 -4.7038517 179 120 71
1.7768897 4.0 -4.7038517 210 210 210
1.7768897 0.0 -4.444622 179 120 75
1.7768897 4.0 -4.444622 210 210 210
1.7768897 0.0 -4.1853924 179 120 80
1.7768897 4.0 -4.1853924 210 210 210
1.7768897 0.0 -3.9261627 179 120 84
1.7768897 4.0 -3.9261627 210 210 210
1.7768897 0.0 -3.666933 179 120 88
1.7768897 4.0 -3.666933 210 210 210
1.7768897 0.0 -3.4077034 179 120 93
1.7768897 4.0 -3.4077034 210 210 210
1.7768897 0.0 -3.1484737 179 120 97
1.7768897 4.0 -3.1484737 210 210 210
1.7768897 0.0 -2.889244 179 120 101
1.7768897 4.0 -2.889244 210 210 210
1.7768897 0.0 -2.6300144 179 120 106
1.7768897 4.0 -2.6300144 210 210 210
1.7768897 0.0 -2.3707848 179 120 110
1.7768897 4.0 -2.3707848 210 210 210
1.7768897 0.0 -2.111555 179 120 114
1.7768897 4.0 -2.111555 210 210 210
1.7768897 0.0 -1.8523254 179 120 119
1.7768897 4.0 -1.8523254 210 210 210
1.7768897 0.0 -1.5930958 179 120 123
1.7768897 4.0 -1.5930958 210 210 210
1.7768897 0.0 -1.3338661 179 120 127
1.7768897 4.0 -1.3338661 210 210 210
1.7768897 0.0 -1.0746365 179 120 132
1.7768897 4.0 -1.0746365 210 210 210
1.7768897 0.0 -0.8154068 179 120 136
1.7768897 4.0 -0.8154068 210 210 210
1.7768897 0.0 -0.55617714 179 120 140
1.7768897 4.0 -0.55617714 210 210 210
1.7768897 0.0 -0.2969475 179 120 145
1.7768897 4.0 -0.2969475 210 210 210
1.7768897 0.0 -0.03771788 179 120 149
1.7768897 4.0 -0.03771788 210 210 210
1.7768897 0.0 0.22151175 179 120 153
1.7768897 4.0 0.22151175 210 210 210
1.7768897 0.0 0.48074138 179 120 158
1.7768897 4.0 0.48074138 210 210 210
1.7768897 0.0 0.73997104 179 120 162
1.7768897 4.0 0.73997104 210 210 210
1.7768897 0.0 0.9992007 179 120 166
1.7768897 4.0 0.9992007 210 210 210
1.7768897 0.0 1.2584304 179 120 170
1.7768897 4.0 1.2584304 210 210 210
1.7768897 0.0 1.51766 179 120 175
1.7768897 4.0 1.51766 210 210 210
1.7768897 0.0 1.7768897 179 120 179
1.7768897 4.0 1.7768897 210 210 210
1.7768897 0.0 2.0361192 179 120 183
1.7768897 4.0 2.0361192 210 210 210
1.7768897 0.0 2.295349 179 120 188
1.7768897 4.0 2.295349 210 210 210
1.7768897 0.0 2.5545785 179 120 192
1.7768897 4.0 2.5545785 210 210 210
1.7768897 0.0 2.8138082 179 120 196
1.7768897 4.0 2.8138082 210 210 210
1.7768897 0.0 3.0730379 179 120 201
1.7768897 4.0 3.0730379 210 210 210
1.7768897 0.0 3.3322675 179 120 205
1.7768897 4.0 3.3322675 210 210 210
1.7768897 0.0 3.5914972 179 120 209
1.7768897 4.0 3.5914972 210 210 210
1.7768897 0.0 3.8507268 179 120 214
1.7768897 4.0 3.8507268 210 210 210
1.7768897 0.0 4.1099563 179 120 218
1.7768897 4.0 4.1099563 210 210 210
1.7768897 0.0 4.369186 179 120 222
1.7768897 4.0 4.369186 210 210 210
1.7768897 0.0 4.6284156 179 120 227
1.7768897 4.0 4.6284156 210 210 210
1.7768897 0.0 4.8876452 179 120 231
1.7768897 4.0 4.8876452 210 210 210
1.7768897 0.0 5.146875 179 120 235
1.7768897 4.0 5.146875 210 210 210
1.7768897 0.0 5.4061046 179 120 240
1.7768897 4.0 5.4061046 210 210 210
1.7768897 0.0 5.665334 179 120 244
1.7768897 4.0 5.665334 210 210 210
1.7768897 0.0 5.924564 179 120 248
1.7768897 4.0 5.924564 210 210 210
2.0361192 0.0 -6 183 120 50
2.0361192 4.0 -6 210 210 210
2.0361192 0.0 -5.7407703 183 120 54
2.0361192 4.0 -5.7407703 210 210 210
2.0361192 0.0 -5.4815407 183 120 58
2.0361192 4.0 -5.4815407 210 210 210
2.0361192 0.0 -5.222311 183 120 62
2.0361192 4.0 -5.222311 210 210 210
2.0361192 0.0 -4.9630814 183 120 67
2.0361192 4.0 -4.9630814 210 210 210
2.0361192 0.0 -4.7038517 183 120 71
2.0361192 4.0 -4.7038517 210 210 210
2.0361192 0.0 -4.444622 183 120 75
2.0361192 4.0 -4.444622 210 210 210
2.0361192 0.0 -4.1853924 183 120 80
2.0361192 4.0 -4.1853924 210 210 210
2.0361192 0.0 -3.9261627 183 120 84
2.0361192 4.0 -3.9261627 210 210 210
2.0361192 0.0 -3.666933 183 120 88
2.0361192 4.0 -3.666933 210 210 210
2.0361192 0.0 -3.4077034 183 120 93
2.0361192 4.0 -3.4077034 210 210 210
2.0361192 0.0 -3.1484737 183 120 97
2.0361192 4.0 -3.1484737 210 210 210
2.0361192 0.0 -2.889244 183 120 101
2.0361192 4.0 -2.889244 210 210 210
2.0361192 0.0 -2.6300144 183 120 106
2.0361192 4.0 -2.6300144 210 210 210
2.0361192 0.0 -2.3707848 183 120 110
2.0361192 4.0 -2.3707848 210 210 210
2.0361192 0.0 -2.111555 183 120 114
2.0361192 4.0 -2.111555 210 210 210
2.0361192 0.0 -1.8523254 183 120 119
2.0361192 4.0 -1.8523254 210 210 210
2.0361192 0.0 -1.5930958 183 120 123
2.0361192 4.0 -1.5930958 210 210 210
2.0361192 0.0 -1.3338661 183 120 127
2.0361192 4.0 -1.3338661 210 210 210
2.0361192 0.0 -1.0746365 183 120 132
2.0361192 4.0 -1.0746365 210 210 210
2.0361192 0.0 -0.8154068 183 120 136
2.0361192 4.0 -0.8154068 210 210 210
2.0361192 0.0 -0.55617714 183 120 140
2.0361192 4.0 -0.55617714 210 210 210
2.0361192 0.0 -0.2969475 183 120 145
2.0361192 4.0 -0.2969475 210 210 210
2.0361192 0.0 -0.03771788 183 120 149
2.0361192 4.0 -0.03771788 210 210 210
2.0361192 0.0 0.22151175 183 120 153
2.0361192 4.0 0.22151175 210 210 210
2.0361192 0.0 0.48074138 183 120 158
2.0361192 4.0 0.48074138 210 210 210
2.0361192 0.0 0.73997104 183 120 162
2.0361192 4.0 0.73997104 210 210 210
2.0361192 0.0 0.9992007 183 120 166
2.0361192 4.0 0.9992007 210 210 210
2.0361192 0.0 1.2584304 183 120 170
2.0361192 4.0 1.2584304 210 210 210
2.0361192 0.0 1.51766 183 120 175
2.0361192 4.0 1.51766 210 210 210
2.0361192 0.0 1.7768897 183 120 179
2.0361192 4.0 1.7768897 210 210 210
2.0361192 0.0 2.0361192 183 120 183
2.0361192 4.0 2.0361192 210 210 210
2.0361192 0.0 2.295349 183 120 188
2.0361192 4.0 2.295349 210 210 210
2.0361192 0.0 2.5545785 183 120 192
2.0361192 4.0 2.5545785 210 210 210
2.0361192 0.0 2.8138082 183 120 196
2.0361192 4.0 2.8138082 210 210 210
2.0361192 0.0 3.0730379 183 120 201
2.0361192 4.0 3.0730379 210 210 210
2.0361192 0.0 3.3322675 183 120 205
2.0361192 4.0 3.3322675 210 210 210
2.0361192 0.0 3.5914972 183 120 209
2.0361192 4.0 3.5914972 210 210 210
2.0361192 0.0 3.8507268 183 120 214
2.0361192 4.0 3.8507268 210 210 210
2.0361192 0.0 4.1099563 183 120 218
2.0361192 4.0 4.1099563 210 210 210
2.0361192 0.0 4.369186 183 120 222
2.0361192 4.0 4.369186 210 210 210
2.0361192 0.0 4.6284156 183 120 227
2.0361192 4.0 4.6284156 210 210 210
2.0361192 0.0 4.8876452 183 120 231
2.0361192 4.0 4.8876452 210 210 210
2.0361192 0.0 5.146875 183 120 235
2.0361192 4.0 5.146875 210 210 210
2.0361192 0.0 5.4061046 183 120 240
2.0361192 4.0 5.4061046 210 210 210
2.0361192 0.0 5.665334 183 120 244
2.0361192 4.0 5.665334 210 210 210
2.0361192 0.0 5.924564 183 120 248
2.0361192 4.0 5.924564 210 210 210
2.295349 0.0 -6 188 120 50
2.295349 4.0 -6 210 210 210
2.295349 0.0 -5.7407703 188 120 54
2.295349 4.0 -5.7407703 210 210 210
2.295349 0.0 -5.4815407 188 120 58
2.295349 4.0 -5.4815407 210 210 210
2.295349 0.0 -5.222311 188 120 62
2.295349 4.0 -5.222311 210 210 210
2.295349 0.0 -4.9630814 188 120 67
2.295349 4.0 -4.9630814 210 210 210
2.295349 0.0 -4.7038517 188 120 71
2.295349 4.0 -4.7038517 210 210 210
2.295349 0.0 -4.444622 188 120 75
2.295349 4.0 -4.444622 210 210 210
2.295349 0.0 -4.1853924 188 120 80
2.295349 4.0 -4.1853924 210 210 210
2.295349 0.0 -3.9261627 188 120 84
2.295349 4.0 -3.9261627 210 210 210
2.295349 0.0 -3.666933 188 120 88
2.295349 4.0 -3.666933 210 210 210
2.295349 0.0 -3.4077034 188 120 93
2.295349 4.0 -3.4077034 210 210 210
2.295349 0.0 -3.1484737 188 120 97
2.295349 4.0 -3.1484737 210 210 210
2.295349 0.0 -2.889244 188 120 101
2.295349 4.0 -2.889244 210 210 210
2.295349 0.0 -2.6300144 188 120 106
2.295349 4.0 -2.6300144 210 210 210
2.295349 0.0 -2.3707848 188 120 110
2.295349 4.0 -2.3707848 210 210 210
2.295349 0.0 -2.111555 188 120 114
2.295349 4.0 -2.111555 210 210 210
2.295349 0.0 -1.8523254 188 120 119
2.295349 4.0 -1.8523254 210 210 210
2.295349 0.0 -1.5930958 188 120 123
2.295349 4.0 -1.5930958 210 210 210
2.295349 0.0 -1.3338661 188 120 127
2.295349 4.0 -1.3338661 210 210 210
2.295349 0.0 -1.0746365 188 120 132
2.295349 4.0 -1.0746365 210 210 210
2.295349 0.0 -0.8154068 188 120 136
2.295349 4.0 -0.8154068 210 210 210
2.295349 0.0 -0.55617714 188 120 140
2.295349 4.0 -0.55617714 210 210 210
2.295349 0.0 -0.2969475 188 120 145
2.295349 4.0 -0.2969475 210 210 210
2.295349 0.0 -0.03771788 188 120 149
2.295349 4.0 -0.03771788 210 210 210
2.295349 0.0 0.22151175 188 120 153
2.295349 4.0 0.22151175 210 210 210
2.295349 0.0 0.48074138 188 120 158
2.295349 4.0 0.48074138 210 210 210
2.295349 0.0 0.73997104 188 120 162
2.295349 4.0 0.73997104 210 210 210
2.295349 0.0 0.9992007 188 120 166
2.295349 4.0 0.9992007 210 210 210
2.295349 0.0 1.2584304 188 120 170
2.295349 4.0 1.2584304 210 210 210
2.295349 0.0 1.51766 188 120 175
2.295349 4.0 1.51766 210 210 210
2.295349 0.0 1.7768897 188 120 179
2.295349 4.0 1.7768897 210 210 210
2.295349 0.0 2.0361192 188 120 183
2.295349 4.0 2.0361192 210 210 210
2.295349 0.0 2.295349 188 120 188
2.295349 4.0 2.295349 210 210 210
2.295349 0.0 2.5545785 188 120 192
2.295349 4.0 2.5545785 210 210 210
2.295349 0.0 2.8138082 188 120 196
2.295349 4.0 2.8138082 210 210 210
2.295349 0.0 3.0730379 188 120 201
2.295349 4.0 3.0730379 210 210 210
2.295349 0.0 3.3322675 188 120 205
2.295349 4.0 3.3322675 210 210 210
2.295349 0.0 3.5914972 188 120 209
2.295349 4.0 3.5914972 210 210 210
2.295349 0.0 3.8507268 188 120 214
2.295349 4.0 3.8507268 210 210 210
2.295349 0.0 4.1099563 188 120 218
2.295349 4.0 4.1099563 210 210 210
2.295349 0.0 4.369186 188 120 222
2.295349 4.0 4.369186 210 210 210
2.295349 0.0 4.6284156 188 120 227
2.295349 4.0 4.6284156 210 210 210
2.295349 0.0 4.8876452 188 120 231
2.295349 4.0 4.8876452 210 210 210
2.295349 0.0 5.146875 188 120 235
2.295349 4.0 5.146875 210 210 210
2.295349 0.0 5.4061046 188 120 240
2.295349 4.0 5.4061046 210 210 210
2.295349 0.0 5.665334 188 120 244
2.295349 4.0 5.665334 210 210 210
2.295349 0.0 5.924564 188 120 248
2.295349 4.0 5.924564 210 210 210
2.5545785 0.0 -6 192 120 50
2.5545785 4.0 -6 210 210 210
2.5545785 0.0 -5.7407703 192 120 54
2.5545785 4.0 -5.7407703 210 210 210
2.5545785 0.0 -5.4815407 192 120 58
2.5545785 4.0 -5.4815407 210 210 210
2.5545785 0.0 -5.222311 192 120 62
2.5545785 4.0 -5.222311 210 210 210
2.5545785 0.0 -4.9630814 192 120 67
2.5545785 4.0 -4.9630814 210 210 210
2.5545785 0.0 -4.7038517 192 120 71
2.5545785 4.0 -4.7038517 210 210 210
2.5545785 0.0 -4.444622 192 120 75
2.5545785 4.0 -4.444622 210 210 210
2.5545785 0.0 -4.1853924 192 120 80
2.5545785 4.0 -4.1853924 210 210 210
2.5545785 0.0 -3.9261627 192 120 84
2.5545785 4.0 -3.9261627 210 210 210
2.5545785 0.0 -3.666933 192 120 88
2.5545785 4.0 -3.666933 210 210 210
2.5545785 0.0 -3.4077034 192 120 93
2.5545785 4.0 -3.4077034 210 210 210
2.5545785 0.0 -3.1484737 192 120 97
2.5545785 4.0 -3.1484737 210 210 210
2.5545785 0.0 -2.889244 192 120 101
2.5545785 4.0 -2.889244 210 210 210
2.5545785 0.0 -2.6300144 192 120 106
2.5545785 4.0 -2.6300144 210 210 210
2.5545785 0.0 -2.3707848 192 120 110
2.5545785 4.0 -2.3707848 210 210 210
2.5545785 0.0 -2.111555 192 120 114
2.5545785 4.0 -2.111555 210 210 210
2.5545785 0.0 -1.8523254 192 120 119
2.5545785 4.0 -1.8523254 210 210 210
2.5545785 0.0 -1.5930958 192 120 123
2.5545785 4.0 -1.5930958 210 210 210
2.5545785 0.0 -1.3338661 192 120 127
2.5545785 4.0 -1.3338661 210 210 210
2.5545785 0.0 -1.0746365 192 120 132
2.5545785 4.0 -1.0746365 210 210 210
2.5545785 0.0 -0.8154068 192 120 136
2.5545785 4.0 -0.8154068 210 210 210
2.5545785 0.0 -0.55617714 192 120 140
2.5545785 4.0 -0.55617714 210 210 210
2.5545785 0.0 -0.2969475 192 120 145
2.5545785 4.0 -0.2969475 210 210 210
2.5545785 0.0 -0.03771788 192 120 149
2.5545785 4.0 -0.03771788 210 210 210
2.5545785 0.0 0.22151175 192 120 153
2.5545785 4.0 0.22151175 210 210 210
2.5545785 0.0 0.48074138 192 120 158
2.5545785 4.0 0.48074138 210 210 210
2.5545785 0.0 0.73997104 192 120 162
2.5545785 4.0 0.73997104 210 210 210
2.5545785 0.0 0.9992007 192 120 166
2.5545785 4.0 0.9992007 210 210 210
2.5545785 0.0 1.2584304 192 120 170
2.5545785 4.0 1.2584304 210 210 210
2.5545785 0.0 1.51766 192 120 175
2.5545785 4.0 1.51766 210 210 210
2.5545785 0.0 1.7768897 192 120 179
2.5545785 4.0 1.7768897 210 210 210
2.5545785 0.0 2.0361192 192 120 183
2.5545785 4.0 2.0361192 210 210 210
2.5545785 0.0 2.295349 192 120 188
2.5545785 4.0 2.295349 210 210 210
2.5545785 0.0 2.5545785 192 120 192
2.5545785 4.0 2.5545785 210 210 210
2.5545785 0.0 2.8138082 192 120 196
2.5545785 4.0 2.8138082 210 210 210
2.5545785 0.0 3.0730379 192 120 201
2.5545785 4.0 3.0730379 210 210 210
2.5545785 0.0 3.3322675 192 120 205
2.5545785 4.0 3.3322675 210 210 210
2.5545785 0.0 3.5914972 192 120 209
2.5545785 4.0 3.5914972 210 210 210
2.5545785 0.0 3.8507268 192 120 214
2.5545785 4.0 3.8507268 210 210 210
2.5545785 0.0 4.1099563 192 120 218
2.5545785 4.0 4.1099563 210 210 210
2.5545785 0.0 4.369186 192 120 222
2.5545785 4.0 4.369186 210 210 210
2.5545785 0.0 4.6284156 192 120 227
2.5545785 4.0 4.6284156 210 210 210
2.5545785 0.0 4.8876452 192 120 231
2.5545785 4.0 4.8876452 210 210 210
2.5545785 0.0 5.146875 192 120 235
2.5545785 4.0 5.146875 210 210 210
2.5545785 0.0 5.4061046 192 120 240
2.5545785 4.0 5.4061046 210 210 210
2.5545785 0.0 5.665334 192 120 244
2.5545785 4.0 5.665334 210 210 210
2.5545785 0.0 5.924564 192 120 248
2.5545785 4.0 5.924564 210 210 210
2.8138082 0.0 -6 196 120 50
2.8138082 4.0 -6 210 210 210
2.8138082 0.0 -5.7407703 196 120 54
2.8138082 4.0 -5.7407703 210 210 210
2.8138082 0.0 -5.4815407 196 120 58
2.8138082 4.0 -5.4815407 210 210 210
2.8138082 0.0 -5.222311 196 120 62
2.8138082 4.0 -5.222311 210 210 210
2.8138082 0.0 -4.9630814 196 120 67
2.8138082 4.0 -4.9630814 210 210 210
2.8138082 0.0 -4.7038517 196 120 71
2.8138082 4.0 -4.7038517 210 210 210
2.8138082 0.0 -4.444622 196 120 75
2.8138082 4.0 -4.444622 210 210 210
2.8138082 0.0 -4.1853924 196 120 80
2.8138082 4.0 -4.1853924 210 210 210
2.8138082 0.0 -3.9261627 196 120 84
2.8138082 4.0 -3.9261627 210 210 210
2.8138082 0.0 -3.666933 196 120 88
2.8138082 4.0 -3.666933 210 210 210
2.8138082 0.0 -3.4077034 196 120 93
2.8138082 4.0 -3.4077034 210 210 210
2.8138082 0.0 -3.1484737 196 120 97
2.8138082 4.0 -3.1484737 210 210 210
2.8138082 0.0 -2.889244 196 120 101
2.8138082 4.0 -2.889244 210 210 210
2.8138082 0.0 -2.6300144 196 120 106
2.8138082 4.0 -2.6300144 210 210 210
2.8138082 0.0 -2.3707848 196 120 110
2.8138082 4.0 -2.3707848 210 210 210
2.8138082 0.0 -2.111555 196 120 114
2.8138082 4.0 -2.111555 210 210 210
2.8138082 0.0 -1.8523254 196 120 119
2.8138082 4.0 -1.8523254 210 210 210
2.8138082 0.0 -1.5930958 196 120 123
2.8138082 4.0 -1.5930958 210 210 210
2.8138082 0.0 -1.3338661 196 120 127
2.8138082 4.0 -1.3338661 210 210 210
2.8138082 0.0 -1.0746365 196 120 132
2.8138082 4.0 -1.0746365 210 210 210
2.8138082 0.0 -0.8154068 196 120 136
2.8138082 4.0 -0.8154068 210 210 210
2.8138082 0.0 -0.55617714 196 120 140
2.8138082 4.0 -0.55617714 210 210 210
2.8138082 0.0 -0.2969475 196 120 145
2.8138082 4.0 -0.2969475 210 210 210
2.8138082 0.0 -0.03771788 196 120 149
2.8138082 4.0 -0.03771788 210 210 210
2.8138082 0.0 0.22151175 196 120 153
2.8138082 4.0 0.22151175 210 210 210
2.8138082 0.0 0.48074138 196 120 158
2.8138082 4.0 0.48074138 210 210 210
2.8138082 0.0 0.73997104 196 120 162
2.8138082 4.0 0.73997104 210 210 210
2.8138082 0.0 0.9992007 196 120 166
2.8138082 4.0 0.9992007 210 210 210
2.8138082 0.0 1.2584304 196 120 170
2.8138082 4.0 1.2584304 210 210 210
2.8138082 0.0 1.51766 196 120 175
2.8138082 4.0 1.51766 210 210 210
2.8138082 0.0 1.7768897 196 120 179
2.8138082 4.0 1.7768897 210 210 210
2.8138082 0.0 2.0361192 196 120 183
2.8138082 4.0 2.0361192 210 210 210
2.8138082 0.0 2.295349 196 120 188
2.8138082 4.0 2.295349 210 210 210
2.8138082 0.0 2.5545785 196 120 192
2.8138082 4.0 2.5545785 210 210 210
2.8138082 0.0 2.8138082 196 120 196
2.8138082 4.0 2.8138082 210 210 210
2.8138082 0.0 3.0730379 196 120 201
2.8138082 4.0 3.0730379 210 210 210
2.8138082 0.0 3.3322675 196 120 205
2.8138082 4.0 3.3322675 210 210 210
2.8138082 0.0 3.5914972 196 120 209
2.8138082 4.0 3.5914972 210 210 210
2.8138082 0.0 3.8507268 196 120 214
2.8138082 4.0 3.8507268 210 210 210
2.8138082 0.0 4.1099563 196 120 218
2.8138082 4.0 4.1099563 210 210 210
2.8138082 0.0 4.369186 196 120 222
2.8138082 4.0 4.369186 210 210 210
2.8138082 0.0 4.6284156 196 120 227
2.8138082 4.0 4.6284156 210 210 210
2.8138082 0.0 4.8876452 196 120 231
2.8138082 4.0 4.8876452 210 210 210
2.8138082 0.0 5.146875 196 120 235
2.8138082 4.0 5.146875 210 210 210
2.8138082 0.0 5.4061046 196 120 240
2.8138082 4.0 5.4061046 210 210 210
2.8138082 0.0 5.665334 196 120 244
2.8138082 4.0 5.665334 210 210 210
2.8138082 0.0 5.924564 196 120 248
2.8138082 4.0 5.924564 210 210 210
3.0730379 0.0 -6 201 120 50
3.0730379 4.0 -6 210 210 210
3.0730379 0.0 -5.7407703 201 120 54
3.0730379 4.0 -5.7407703 210 210 210
3.0730379 0.0 -5.4815407 201 120 58
3.0730379 4.0 -5.4815407 210 210 210
3.0730379 0.0 -5.222311 201 120 62
3.0730379 4.0 -5.222311 210 210 210
3.0730379 0.0 -4.9630814 201 120 67
3.0730379 4.0 -4.9630814 210 210 210
3.0730379 0.0 -4.7038517 201 120 71
3.0730379 4.0 -4.7038517 210 210 210
3.0730379 0.0 -4.444622 201 120 75
3.0730379 4.0 -4.444622 210 210 210
3.0730379 0.0 -4.1853924 201 120 80
3.0730379 4.0 -4.1853924 210 210 210
3.0730379 0.0 -3.9261627 201 120 84
3.0730379 4.0 -3.9261627 210 210 210
3.0730379 0.0 -3.666933 201 120 88
3.0730379 4.0 -3.666933 210 210 210
3.0730379 0.0 -3.4077034 201 120 93
3.0730379 4.0 -3.4077034 210 210 210
3.0730379 0.0 -3.1484737 201 120 97
3.0730379 4.0 -3.1484737 210 210 210
3.0730379 0.0 -2.889244 201 120 101
3.0730379 4.0 -2.889244 210 210 210
3.0730379 0.0 -2.6300144 201 120 106
3.0730379 4.0 -2.6300144 210 210 210
3.0730379 0.0 -2.3707848 201 120 110
3.0730379 4.0 -2.3707848 210 210 210
3.0730379 0.0 -2.111555 201 120 114
3.0730379 4.0 -2.111555 210 210 210
3.0730379 0.0 -1.8523254 201 120 119
3.0730379 4.0 -1.8523254 210 210 210
3.0730379 0.0 -1.5930958 201 120 123
3.0730379 4.0 -1.5930958 210 210 210
3.0730379 0.0 -1.3338661 201 120 127
3.0730379 4.0 -1.3338661 210 210 210
3.0730379 0.0 -1.0746365 201 120 132
3.0730379 4.0 -1.0746365 210 210 210
3.0730379 0.0 -0.8154068 201 120 136
3.0730379 4.0 -0.8154068 210 210 210
3.0730379 0.0 -0.55617714 201 120 140
3.0730379 4.0 -0.55617714 210 210 210
3.0730379 0.0 -0.2969475 201 120 145
3.0730379 4.0 -0.2969475 210 210 210
3.0730379 0.0 -0.03771788 201 120 149
3.0730379 4.0 -0.03771788 210 210 210
3.0730379 0.0 0.22151175 201 120 153
3.0730379 4.0 0.22151175 210 210 210
3.0730379 0.0 0.48074138 201 120 158
3.0730379 4.0 0.48074138 210 210 210
3.0730379 0.0 0.73997104 201 120 162
3.0730379 4.0 0.73997104 210 210 210
3.0730379 0.0 0.9992007 201 120 166
3.0730379 4.0 0.9992007 210 210 210
3.0730379 0.0 1.2584304 201 120 170
3.0730379 4.0 1.2584304 210 210 210
3.0730379 0.0 1.51766 201 120 175
3.0730379 4.0 1.51766 210 210 210
3.0730379 0.0 1.7768897 201 120 179
3.0730379 4.0 1.7768897 210 210 210
3.0730379 0.0 2.0361192 201 120 183
3.0730379 4.0 2.0361192 210 210 210
3.0730379 0.0 2.295349 201 120 188
3.0730379 4.0 2.295349 210 210 210
3.0730379 0.0 2.5545785 201 120 192
3.0730379 4.0 2.5545785 210 210 210
3.0730379 0.0 2.8138082 201 120 196
3.0730379 4.0 2.8138082 210 210 210
3.0730379 0.0 3.0730379 201 120 201
3.0730379 4.0 3.0730379 210 210 210
3.0730379 0.0 3.3322675 201 120 205
3.0730379 4.0 3.3322675 210 210 210
3.0730379 0.0 3.5914972 201 120 209
3.0730379 4.0 3.5914972 210 210 210
3.0730379 0.0 3.8507268 201 120 214
3.0730379 4.0 3.8507268 210 210 210
3.0730379 0.0 4.1099563 201 120 218
3.0730379 4.0 4.1099563 210 210 210
3.0730379 0.0 4.369186 201 120 222
3.0730379 4.0 4.369186 210 210 210
3.0730379 0.0 4.6284156 201 120 227
3.0730379 4.0 4.6284156 210 210 210
3.0730379 0.0 4.8876452 201 120 231
3.0730379 4.0 4.8876452 210 210 210
3.0730379 0.0 5.146875 201 120 235
3.0730379 4.0 5.146875 210 210 210
3.0730379 0.0 5.4061046 201 120 240
3.0730379 4.0 5.4061046 210 210 210
3.0730379 0.0 5.665334 201 120 244
3.0730379 4.0 5.665334 210 210 210
3.0730379 0.0 5.924564 201 120 248
3.0730379 4.0 5.924564 210 210 210
3.3322675 0.0 -6 205 120 50
3.3322675 4.0 -6 210 210 210
3.3322675 0.0 -5.7407703 205 120 54
3.3322675 4.0 -5.7407703 210 210 210
3.3322675 0.0 -5.4815407 205 120 58
3.3322675 4.0 -5.4815407 210 210 210
3.3322675 0.0 -5.222311 205 120 62
3.3322675 4.0 -5.222311 210 210 210
3.3322675 0.0 -4.9630814 205 120 67
3.3322675 4.0 -4.9630814 210 210 210
3.3322675 0.0 -4.7038517 205 120 71
3.3322675 4.0 -4.7038517 210 210 210
3.3322675 0.0 -4.444622 205 120 75
3.3322675 4.0 -4.444622 210 210 210
3.3322675 0.0 -4.1853924 205 120 80
3.3322675 4.0 -4.1853924 210 210 210
3.3322675 0.0 -3.9261627 205 120 84
3.3322675 4.0 -3.9261627 210 210 210
3.3322675 0.0 -3.666933 205 120 88
3.3322675 4.0 -3.666933 210 210 210
3.3322675 0.0 -3.4077034 205 120 93
3.3322675 4.0 -3.4077034 210 210 210
3.3322675 0.0 -3.1484737 205 120 97
3.3322675 4.0 -3.1484737 210 210 210
3.3322675 0.0 -2.889244 205 120 101
3.3322675 4.0 -2.889244 210 210 210
3.3322675 0.0 -2.6300144 205 120 106
3.3322675 4.0 -2.6300144 210 210 210
3.3322675 0.0 -2.3707848 205 120 110
3.3322675 4.0 -2.3707848 210 210 210
3.3322675 0.0 -2.111555 205 120 114
3.3322675 4.0 -2.111555 210 210 210
3.3322675 0.0 -1.8523254 205 120 119
3.3322675 4.0 -1.8523254 210 210 210
3.3322675 0.0 -1.5930958 205 120 123
3.3322675 4.0 -1.5930958 210 210 210
3.3322675 0.0 -1.3338661 205 120 127
3.3322675 4.0 -1.3338661 210 210 210
3.3322675 0.0 -1.0746365 205 120 132
3.3322675 4.0 -1.0746365 210 210 210
3.3322675 0.0 -0.8154068 205 120 136
3.3322675 4.0 -0.8154068 210 210 210
3.3322675 0.0 -0.55617714 205 120 140
3.3322675 4.0 -0.55617714 210 210 210
3.3322675 0.0 -0.2969475 205 120 145
3.3322675 4.0 -0.2969475 210 210 210
3.3322675 0.0 -0.03771788 205 120 149
3.3322675 4.0 -0.03771788 210 210 210
3.3322675 0.0 0.22151175 205 120 153
3.3322675 4.0 0.22151175 210 210 210
3.3322675 0.0 0.48074138 205 120 158
3.3322675 4.0 0.48074138 210 210 210
3.3322675 0.0 0.73997104 205 120 162
3.3322675 4.0 0.73997104 210 210 210
3.3322675 0.0 0.9992007 205 120 166
3.3322675 4.0 0.9992007 210 210 210
3.3322675 0.0 1.2584304 205 120 170
3.3322675 4.0 1.2584304 210 210 210
3.3322675 0.0 1.51766 205 120 175
3.3322675 4.0 1.51766 210 210 210
3.3322675 0.0 1.7768897 205 120 179
3.3322675 4.0 1.7768897 210 210 210
3.3322675 0.0 2.0361192 205 120 183
3.3322675 4.0 2.0361192 210 210 210
3.3322675 0.0 2.295349 205 120 188
3.3322675 4.0 2.295349 210 210 210
3.3322675 0.0 2.5545785 205 120 192
3.3322675 4.0 2.5545785 210 210 210
3.3322675 0.0 2.8138082 205 120 196
3.3322675 4.0 2.8138082 210 210 210
3.3322675 0.0 3.0730379 205 120 201
3.3322675 4.0 3.0730379 210 210 210
3.3322675 0.0 3.3322675 205 120 205
3.3322675 4.0 3.3322675 210 210 210
3.3322675 0.0 3.5914972 205 120 209
3.3322675 4.0 3.5914972 210 210 210
3.3322675 0.0 3.8507268 205 120 214
3.3322675 4.0 3.8507268 210 210 210
3.3322675 0.0 4.1099563 205 120 218
3.3322675 4.0 4.1099563 210 210 210
3.3322675 0.0 4.369186 205 120 222
3.3322675 4.0 4.369186 210 210 210
3.3322675 0.0 4.6284156 205 120 227
3.3322675 4.0 4.6284156 210 210 210
3.3322675 0.0 4.8876452 205 120 231
3.3322675 4.0 4.8876452 210 210 210
3.3322675 0.0 5.146875 205 120 235
3.3322675 4.0 5.146875 210 210 210
3.3322675 0.0 5.4061046 205 120 240
3.3322675 4.0 5.4061046 210 210 210
3.3322675 0.0 5.665334 205 120 244
3.3322675 4.0 5.665334 210 210 210
3.3322675 0.0 5.924564 205 120 248
3.3322675 4.0 5.924564 210 210 210
3.5914972 0.0 -6 209 120 50
3.5914972 4.0 -6 210 210 210
3.5914972 0.0 -5.7407703 209 120 54
3.5914972 4.0 -5.7407703 210 210 210
3.5914972 0.0 -5.4815407 209 120 58
3.5914972 4.0 -5.4815407 210 210 210
3.5914972 0.0 -5.222311 209 120 62
3.5914972 4.0 -5.222311 210 210 210
3.5914972 0.0 -4.9630814 209 120 67
3.5914972 4.0 -4.9630814 210 210 210
3.5914972 0.0 -4.7038517 209 120 71
3.5914972 4.0 -4.7038517 210 210 210
3.5914972 0.0 -4.444622 209 120 75
3.5914972 4.0 -4.444622 210 210 210
3.5914972 0.0 -4.1853924 209 120 80
3.5914972 4.0 -4.1853924 210 210 210
3.5914972 0.0 -3.9261627 209 120 84
3.5914972 4.0 -3.9261627 210 210 210
3.5914972 0.0 -3.666933 209 120 88
3.5914972 4.0 -3.666933 210 210 210
3.5914972 0.0 -3.4077034 209 120 93
3.5914972 4.0 -3.4077034 210 210 210
3.5914972 0.0 -3.1484737 209 120 97
3.5914972 4.0 -3.1484737 210 210 210
3.5914972 0.0 -2.889244 209 120 101
3.5914972 4.0 -2.889244 210 210 210
3.5914972 0.0 -2.6300144 209 120 106
3.5914972 4.0 -2.6300144 210 210 210
3.5914972 0.0 -2.3707848 209 120 110
3.5914972 4.0 -2.3707848 210 210 210
3.5914972 0.0 -2.111555 209 120 114
3.5914972 4.0 -2.111555 210 210 210
3.5914972 0.0 -1.8523254 209 120 119
3.5914972 4.0 -1.8523254 210 210 210
3.5914972 0.0 -1.5930958 209 120 123
3.5914972 4.0 -1.5930958 210 210 210
3.5914972 0.0 -1.3338661 209 120 127
3.5914972 4.0 -1.3338661 210 210 210
3.5914972 0.0 -1.0746365 209 120 132
3.5914972 4.0 -1.0746365 210 210 210
3.5914972 0.0 -0.8154068 209 120 136
3.5914972 4.0 -0.8154068 210 210 210
3.5914972 0.0 -0.55617714 209 120 140
3.5914972 4.0 -0.55617714 210 210 210
3.5914972 0.0 -0.2969475 209 120 145
3.5914972 4.0 -0.2969475 210 210 210
3.5914972 0.0 -0.03771788 209 120 149
3.5914972 4.0 -0.03771788 210 210 210
3.5914972 0.0 0.22151175 209 120 153
3.5914972 4.0 0.22151175 210 210 210
3.5914972 0.0 0.48074138 209 120 158
3.5914972 4.0 0.48074138 210 210 210
3.5914972 0.0 0.73997104 209 120 162
3.5914972 4.0 0.73997104 210 210 210
3.5914972 0.0 0.9992007 209 120 166
3.5914972 4.0 0.9992007 210 210 210
3.5914972 0.0 1.2584304 209 120 170
3.5914972 4.0 1.2584304 210 210 210
3.5914972 0.0 1.51766 209 120 175
3.5914972 4.0 1.51766 210 210 210
3.5914972 0.0 1.7768897 209 120 179
3.5914972 4.0 1.7768897 210 210 210
3.5914972 0.0 2.0361192 209 120 183
3.5914972 4.0 2.0361192 210 210 210
3.5914972 0.0 2.295349 209 120 188
3.5914972 4.0 2.295349 210 210 210
3.5914972 0.0 2.5545785 209 120 192
3.5914972 4.0 2.5545785 210 210 210
3.5914972 0.0 2.8138082 209 120 196
3.5914972 4.0 2.8138082 210 210 210
3.5914972 0.0 3.0730379 209 120 201
3.5914972 4.0 3.0730379 210 210 210
3.5914972 0.0 3.3322675 209 120 205
3.5914972 4.0 3.3322675 210 210 210
3.5914972 0.0 3.5914972 209 120 209
3.5914972 4.0 3.5914972 210 210 210
3.5914972 0.0 3.8507268 209 120 214
3.5914972 4.0 3.8507268 210 210 210
3.5914972 0.0 4.1099563 209 120 218
3.5914972 4.0 4.1099563 210 210 210
3.5914972 0.0 4.369186 209 120 222
3.5914972 4.0 4.369186 210 210 210
3.5914972 0.0 4.6284156 209 120 227
3.5914972 4.0 4.6284156 210 210 210
3.5914972 0.0 4.8876452 209 120 231
3.5914972 4.0 4.8876452 210 210 210
3.5914972 0.0 5.146875 209 120 235
3.5914972 4.0 5.146875 210 210 210
3.5914972 0.0 5.4061046 209 120 240
3.5914972 4.0 5.4061046 210 210 210
3.5914972 0.0 5.665334 209 120 244
3.5914972 4.0 5.665334 210 210 210
3.5914972 0.0 5.924564 209 120 248
3.5914972 4.0 5.924564 210 210 210
3.8507268 0.0 -6 214 120 50
3.8507268 4.0 -6 210 210 210
3.8507268 0.0 -5.7407703 214 120 54
3.8507268 4.0 -5.7407703 210 210 210
3.8507268 0.0 -5.4815407 214 120 58
3.8507268 4.0 -5.4815407 210 210 210
3.8507268 0.0 -5.222311 214 120 62
3.8507268 4.0 -5.222311 210 210 210
3.8507268 0.0 -4.9630814 214 120 67
3.8507268 4.0 -4.9630814 210 210 210
3.8507268 0.0 -4.7038517 214 120 71
3.8507268 4.0 -4.7038517 210 210 210
3.8507268 0.0 -4.444622 214 120 75
3.8507268 4.0 -4.444622 210 210 210
3.8507268 0.0 -4.1853924 214 120 80
3.8507268 4.0 -4.1853924 210 210 210
3.8507268 0.0 -3.9261627 214 120 84
3.8507268 4.0 -3.9261627 210 210 210
3.8507268 0.0 -3.666933 214 120 88
3.8507268 4.0 -3.666933 210 210 210
3.8507268 0.0 -3.4077034 214 120 93
3.8507268 4.0 -3.4077034 210 210 210
3.8507268 0.0 -3.1484737 214 120 97
3.8507268 4.0 -3.1484737 210 210 210
3.8507268 0.0 -2.889244 214 120 101
3.8507268 4.0 -2.889244 210 210 210
3.8507268 0.0 -2.6300144 214 120 106
3.8507268 4.0 -2.6300144 210 210 210
3.8507268 0.0 -2.3707848 214 120 110
3.8507268 4.0 -2.3707848 210 210 210
3.8507268 0.0 -2.111555 214 120 114
3.8507268 4.0 -2.111555 210 210 210
3.8507268 0.0 -1.8523254 214 120 119
3.8507268 4.0 -1.8523254 210 210 210
3.8507268 0.0 -1.5930958 214 120 123
3.8507268 4.0 -1.5930958 210 210 210
3.8507268 0.0 -1.3338661 214 120 127
3.8507268 4.0 -1.3338661 210 210 210
3.8507268 0.0 -1.0746365 214 120 132
3.8507268 4.0 -1.0746365 210 210 210
3.8507268 0.0 -0.8154068 214 120 136
3.8507268 4.0 -0.8154068 210 210 210
3.8507268 0.0 -0.55617714 214 120 140
3.8507268 4.0 -0.55617714 210 210 210
3.8507268 0.0 -0.2969475 214 120 145
3.8507268 4.0 -0.2969475 210 210 210
3.8507268 0.0 -0.03771788 214 120 149
3.8507268 4.0 -0.03771788 210 210 210
3.8507268 0.0 0.22151175 214 120 153
3.8507268 4.0 0.22151175 210 210 210
3.8507268 0.0 0.48074138 214 120 158
3.8507268 4.0 0.48074138 210 210 210
3.8507268 0.0 0.73997104 214 120 162
3.8507268 4.0 0.73997104 210 210 210
3.8507268 0.0 0.9992007 214 120 166
3.8507268 4.0 0.9992007 210 210 210
3.8507268 0.0 1.2584304 214 120 170
3.8507268 4.0 1.2584304 210 210 210
3.8507268 0.0 1.51766 214 120 175
3.8507268 4.0 1.51766 210 210 210
3.8507268 0.0 1.7768897 214 120 179
3.8507268 4.0 1.7768897 210 210 210
3.8507268 0.0 2.0361192 214 120 183
3.8507268 4.0 2.0361192 210 210 210
3.8507268 0.0 2.295349 214 120 188
3.8507268 4.0 2.295349 210 210 210
3.8507268 0.0 2.5545785 214 120 192
3.8507268 4.0 2.5545785 210 210 210
3.8507268 0.0 2.8138082 214 120 196
3.8507268 4.0 2.8138082 210 210 210
3.8507268 0.0 3.0730379 214 120 201
3.8507268 4.0 3.0730379 210 210 210
3.8507268 0.0 3.3322675 214 120 205
3.8507268 4.0 3.3322675 210 210 210
3.8507268 0.0 3.5914972 214 120 209
3.8507268 4.0 3.5914972 210 210 210
3.8507268 0.0 3.8507268 214 120 214
3.8507268 4.0 3.8507268 210 210 210
3.8507268 0.0 4.1099563 214 120 218
3.8507268 4.0 4.1099563 210 210 210
3.8507268 0.0 4.369186 214 120 222
3.8507268 4.0 4.369186 210 210 210
3.8507268 0.0 4.6284156 214 120 227
3.8507268 4.0 4.6284156 210 210 210
3.8507268 0.0 4.8876452 214 120 231
3.8507268 4.0 4.8876452 210 210 210
3.8507268 0.0 5.146875 214 120 235
3.8507268 4.0 5.146875 210 210 210
3.8507268 0.0 5.4061046 214 120 240
3.8507268 4.0 5.4061046 210 210 210
3.8507268 0.0 5.665334 214 120 244
3.8507268 4.0 5.665334 210 210 210
3.8507268 0.0 5.924564 214 120 248
3.8507268 4.0 5.924564 210 210 210
4.1099563 0.0 -6 218 120 50
4.1099563 4.0 -6 210 210 210
4.1099563 0.0 -5.7407703 218 120 54
4.1099563 4.0 -5.7407703 210 210 210
4.1099563 0.0 -5.4815407 218 120 58
4.1099563 4.0 -5.4815407 210 210 210
4.1099563 0.0 -5.222311 218 120 62
4.1099563 4.0 -5.222311 210 210 210
4.1099563 0.0 -4.9630814 218 120 67
4.1099563 4.0 -4.9630814 210 210 210
4.1099563 0.0 -4.7038517 218 120 71
4.1099563 4.0 -4.7038517 210 210 210
4.1099563 0.0 -4.444622 218 120 75
4.1099563 4.0 -4.444622 210 210 210
4.1099563 0.0 -4.1853924 218 120 80
4.1099563 4.0 -4.1853924 210 210 210
4.1099563 0.0 -3.9261627 218 120 84
4.1099563 4.0 -3.9261627 210 210 210
4.1099563 0.0 -3.666933 218 120 88
4.1099563 4.0 -3.666933 210 210 210
4.1099563 0.0 -3.4077034 218 120 93
4.1099563 4.0 -3.4077034 210 210 210
4.1099563 0.0 -3.1484737 218 120 97
4.1099563 4.0 -3.1484737 210 210 210
4.1099563 0.0 -2.889244 218 120 101
4.1099563 4.0 -2.889244 210 210 210
4.1099563 0.0 -2.6300144 218 120 106
4.1099563 4.0 -2.6300144 210 210 210
4.1099563 0.0 -2.3707848 218 120 110
4.1099563 4.0 -2.3707848 210 210 210
4.1099563 0.0 -2.111555 218 120 114
4.1099563 4.0 -2.111555 210 210 210
4.1099563 0.0 -1.8523254 218 120 119
4.1099563 4.0 -1.8523254 210 210 210
4.1099563 0.0 -1.5930958 218 120 123
4.1099563 4.0 -1.5930958 210 210 210
4.1099563 0.0 -1.3338661 218 120 127
4.1099563 4.0 -1.3338661 210 210 210
4.1099563 0.0 -1.0746365 218 120 132
4.1099563 4.0 -1.0746365 210 210 210
4.1099563 0.0 -0.8154068 218 120 136
4.1099563 4.0 -0.8154068 210 210 210
4.1099563 0.0 -0.55617714 218 120 140
4.1099563 4.0 -0.55617714 210 210 210
4.1099563 0.0 -0.2969475 218 120 145
4.1099563 4.0 -0.2969475 210 210 210
4.1099563 0.0 -0.03771788 218 120 149
4.1099563 4.0 -0.03771788 210 210 210
4.1099563 0.0 0.22151175 218 120 153
4.1099563 4.0 0.22151175 210 210 210
4.1099563 0.0 0.48074138 218 120 158
4.1099563 4.0 0.48074138 210 210 210
4.1099563 0.0 0.73997104 218 120 162
4.1099563 4.0 0.73997104 210 210 210
4.1099563 0.0 0.9992007 218 120 166
4.1099563 4.0 0.9992007 210 210 210
4.1099563 0.0 1.2584304 218 120 170
4.1099563 4.0 1.2584304 210 210 210
4.1099563 0.0 1.51766 218 120 175
4.1099563 4.0 1.51766 210 210 210
4.1099563 0.0 1.7768897 218 120 179
4.1099563 4.0 1.7768897 210 210 210
4.1099563 0.0 2.0361192 218 120 183
4.1099563 4.0 2.0361192 210 210 210
4.1099563 0.0 2.295349 218 120 188
4.1099563 4.0 2.295349 210 210 210
4.1099563 0.0 2.5545785 218 120 192
4.1099563 4.0 2.5545785 210 210 210
4.1099563 0.0 2.8138082 218 120 196
4.1099563 4.0 2.8138082 210 210 210
4.1099563 0.0 3.0730379 218 120 201
4.1099563 4.0 3.0730379 210 210 210
4.1099563 0.0 3.3322675 218 120 205
4.1099563 4.0 3.3322675 210 210 210
4.1099563 0.0 3.5914972 218 120 209
4.1099563 4.0 3.5914972 210 210 210
4.1099563 0.0 3.8507268 218 120 214
4.1099563 4.0 3.8507268 210 210 210
4.1099563 0.0 4.1099563 218 120 218
4.1099563 4.0 4.1099563 210 210 210
4.1099563 0.0 4.369186 218 120 222
4.1099563 4.0 4.369186 210 210 210
4.1099563 0.0 4.6284156 218 120 227
4.1099563 4.0 4.6284156 210 210 210
4.1099563 0.0 4.8876452 218 120 231
4.1099563 4.0 4.8876452 210 210 210
4.1099563 0.0 5.146875 218 120 235
4.1099563 4.0 5.146875 210 210 210
4.1099563 0.0 5.4061046 218 120 240
4.1099563 4.0 5.4061046 210 210 210
4.1099563 0.0 5.665334 218 120 244
4.1099563 4.0 5.665334 210 210 210
4.1099563 0.0 5.924564 218 120 248
4.1099563 4.0 5.924564 210 210 210
4.369186 0.0 -6 222 120 50
4.369186 4.0 -6 210 210 210
4.369186 0.0 -5.7407703 222 120 54
4.369186 4.0 -5.7407703 210 210 210
4.369186 0.0 -5.4815407 222 120 58
4.369186 4.0 -5.4815407 210 210 210
4.369186 0.0 -5.222311 222 120 62
4.369186 4.0 -5.222311 210 210 210
4.369186 0.0 -4.9630814 222 120 67
4.369186 4.0 -4.9630814 210 210 210
4.369186 0.0 -4.7038517 222 120 71
4.369186 4.0 -4.7038517 210 210 210
4.369186 0.0 -4.444622 222 120 75
4.369186 4.0 -4.444622 210 210 210
4.369186 0.0 -4.1853924 222 120 80
4.369186 4.0 -4.1853924 210 210 210
4.369186 0.0 -3.9261627 222 120 84
4.369186 4.0 -3.9261627 210 210 210
4.369186 0.0 -3.666933 222 120 88
4.369186 4.0 -3.666933 210 210 210
4.369186 0.0 -3.4077034 222 120 93
4.369186 4.0 -3.4077034 210 210 210
4.369186 0.0 -3.1484737 222 120 97
4.369186 4.0 -3.1484737 210 210 210
4.369186 0.0 -2.889244 222 120 101
4.369186 4.0 -2.889244 210 210 210
4.369186 0.0 -2.6300144 222 120 106
4.369186 4.0 -2.6300144 210 210 210
4.369186 0.0 -2.3707848 222 120 110
4.369186 4.0 -2.3707848 210 210 210
4.369186 0.0 -2.111555 222 120 114
4.369186 4.0 -2.111555 210 210 210
4.369186 0.0 -1.8523254 222 120 119
4.369186 4.0 -1.8523254 210 210 210
4.369186 0.0 -1.5930958 222 120 123
4.369186 4.0 -1.5930958 210 210 210
4.369186 0.0 -1.3338661 222 120 127
4.369186 4.0 -1.3338661 210 210 210
4.369186 0.0 -1.0746365 222 120 132
4.369186 4.0 -1.0746365 210 210 210
4.369186 0.0 -0.8154068 222 120 136
4.369186 4.0 -0.8154068 210 210 210
4.369186 0.0 -0.55617714 222 120 140
4.369186 4.0 -0.55617714 210 210 210
4.369186 0.0 -0.2969475 222 120 145
4.369186 4.0 -0.2969475 210 210 210
4.369186 0.0 -0.03771788 222 120 149
4.369186 4.0 -0.03771788 210 210 210
4.369186 0.0 0.22151175 222 120 153
4.369186 4.0 0.22151175 210 210 210
4.369186 0.0 0.48074138 222 120 158
4.369186 4.0 0.48074138 210 210 210
4.369186 0.0 0.73997104 222 120 162
4.369186 4.0 0.73997104 210 210 210
4.369186 0.0 0.9992007 222 120 166
4.369186 4.0 0.9992007 210 210 210
4.369186 0.0 1.2584304 222 120 170
4.369186 4.0 1.2584304 210 210 210
4.369186 0.0 1.51766 222 120 175
4.369186 4.0 1.51766 210 210 210
4.369186 0.0 1.7768897 222 120 179
4.369186 4.0 1.7768897 210 210 210
4.369186 0.0 2.0361192 222 120 183
4.369186 4.0 2.0361192 210 210 210
4.369186 0.0 2.295349 222 120 188
4.369186 4.0 2.295349 210 210 210
4.369186 0.0 2.5545785 222 120 192
4.369186 4.0 2.5545785 210 210 210
4.369186 0.0 2.8138082 222 120 196
4.369186 4.0 2.8138082 210 210 210
4.369186 0.0 3.0730379 222 120 201
4.369186 4.0 3.0730379 210 210 210
4.369186 0.0 3.3322675 222 120 205
4.369186 4.0 3.3322675 210 210 210
4.369186 0.0 3.5914972 222 120 209
4.369186 4.0 3.5914972 210 210 210
4.369186 0.0 3.8507268 222 120 214
4.369186 4.0 3.8507268 210 210 210
4.369186 0.0 4.1099563 222 120 218
4.369186 4.0 4.1099563 210 210 210
4.369186 0.0 4.369186 222 120 222
4.369186 4.0 4.369186 210 210 210
4.369186 0.0 4.6284156 222 120 227
4.369186 4.0 4.6284156 210 210 210
4.369186 0.0 4.8876452 222 120 231
4.369186 4.0 4.8876452 210 210 210
4.369186 0.0 5.146875 222 120 235
4.369186 4.0 5.146875 210 210 210
4.369186 0.0 5.4061046 222 120 240
4.369186 4.0 5.4061046 210 210 210
4.369186 0.0 5.665334 222 120 244
4.369186 4.0 5.665334 210 210 210
4.369186 0.0 5.924564 222 120 248
4.369186 4.0 5.924564 210 210 210
4.6284156 0.0 -6 227 120 50
4.6284156 4.0 -6 210 210 210
4.6284156 0.0 -5.7407703 227 120 54
4.6284156 4.0 -5.7407703 210 210 210
4.6284156 0.0 -5.4815407 227 120 58
4.6284156 4.0 -5.4815407 210 210 210
4.6284156 0.0 -5.222311 227 120 62
4.6284156 4.0 -5.222311 210 210 210
4.6284156 0.0 -4.9630814 227 120 67
4.6284156 4.0 -4.9630814 210 210 210
4.6284156 0.0 -4.7038517 227 120 71
4.6284156 4.0 -4.7038517 210 210 210
4.6284156 0.0 -4.444622 227 120 75
4.6284156 4.0 -4.444622 210 210 210
4.6284156 0.0 -4.1853924 227 120 80
4.6284156 4.0 -4.1853924 210 210 210
4.6284156 0.0 -3.9261627 227 120 84
4.6284156 4.0 -3.9261627 210 210 210
4.6284156 0.0 -3.666933 227 120 88
4.6284156 4.0 -3.666933 210 210 210
4.6284156 0.0 -3.4077034 227 120 93
4.6284156 4.0 -3.4077034 210 210 210
4.6284156 0.0 -3.1484737 227 120 97
4.6284156 4.0 -3.1484737 210 210 210
4.6284156 0.0 -2.889244 227 120 101
4.6284156 4.0 -2.889244 210 210 210
4.6284156 0.0 -2.6300144 227 120 106
4.6284156 4.0 -2.6300144 210 210 210
4.6284156 0.0 -2.3707848 227 120 110
4.6284156 4.0 -2.3707848 210 210 210
4.6284156 0.0 -2.111555 227 120 114
4.6284156 4.0 -2.111555 210 210 210
4.6284156 0.0 -1.8523254 227 120 119
4.6284156 4.0 -1.8523254 210 210 210
4.6284156 0.0 -1.5930958 227 120 123
4.6284156 4.0 -1.5930958 210 210 210
4.6284156 0.0 -1.3338661 227 120 127
4.6284156 4.0 -1.3338661 210 210 210
4.6284156 0.0 -1.0746365 227 120 132
4.6284156 4.0 -1.0746365 210 210 210
4.6284156 0.0 -0.8154068 227 120 136
4.6284156 4.0 -0.8154068 210 210 210
4.6284156 0.0 -0.55617714 227 120 140
4.6284156 4.0 -0.55617714 210 210 210
4.6284156 0.0 -0.2969475 227 120 145
4.6284156 4.0 -0.2969475 210 210 210
4.6284156 0.0 -0.03771788 227 120 149
4.6284156 4.0 -0.03771788 210 210 210
4.6284156 0.0 0.22151175 227 120 153
4.6284156 4.0 0.22151175 210 210 210
4.6284156 0.0 0.48074138 227 120 158
4.6284156 4.0 0.48074138 210 210 210
4.6284156 0.0 0.73997104 227 120 162
4.6284156 4.0 0.73997104 210 210 210
4.6284156 0.0 0.9992007 227 120 166
4.6284156 4.0 0.9992007 210 210 210
4.6284156 0.0 1.2584304 227 120 170
4.6284156 4.0 1.2584304 210 210 210
4.6284156 0.0 1.51766 227 120 175
4.6284156 4.0 1.51766 210 210 210
4.6284156 0.0 1.7768897 227 120 179
4.6284156 4.0 1.7768897 210 210 210
4.6284156 0.0 2.0361192 227 120 183
4.6284156 4.0 2.0361192 210 210 210
4.6284156 0.0 2.295349 227 120 188
4.6284156 4.0 2.295349 210 210 210
4.6284156 0.0 2.5545785 227 120 192
4.6284156 4.0 2.5545785 210 210 210
4.6284156 0.0 2.8138082 227 120 196
4.6284156 4.0 2.8138082 210 210 210
4.6284156 0.0 3.0730379 227 120 201
4.6284156 4.0 3.0730379 210 210 210
4.6284156 0.0 3.3322675 227 120 205
4.6284156 4.0 3.3322675 210 210 210
4.6284156 0.0 3.5914972 227 120 209
4.6284156 4.0 3.5914972 210 210 210
4.6284156 0.0 3.8507268 227 120 214
4.6284156 4.0 3.8507268 210 210 210
4.6284156 0.0 4.1099563 227 120 218
4.6284156 4.0 4.1099563 210 210 210
4.6284156 0.0 4.369186 227 120 222
4.6284156 4.0 4.369186 210 210 210
4.6284156 0.0 4.6284156 227 120 227
4.6284156 4.0 4.6284156 210 210 210
4.6284156 0.0 4.8876452 227 120 231
4.6284156 4.0 4.8876452 210 210 210
4.6284156 0.0 5.146875 227 120 235
4.6284156 4.0 5.146875 210 210 210
4.6284156 0.0 5.4061046 227 120 240
4.6284156 4.0 5.4061046 210 210 210
4.6284156 0.0 5.665334 227 120 244
4.6284156 4.0 5.665334 210 210 210
4.6284156 0.0 5.924564 227 120 248
4.6284156 4.0 5.924564 210 210 210
4.8876452 0.0 -6 231 120 50
4.8876452 4.0 -6 210 210 210
4.8876452 0.0 -5.7407703 231 120 54
4.8876452 4.0 -5.7407703 210 210 210
4.8876452 0.0 -5.4815407 231 120 58
4.8876452 4.0 -5.4815407 210 210 210
4.8876452 0.0 -5.222311 231 120 62
4.8876452 4.0 -5.222311 210 210 210
4.8876452 0.0 -4.9630814 231 120 67
4.8876452 4.0 -4.9630814 210 210 210
4.8876452 0.0 -4.7038517 231 120 71
4.8876452 4.0 -4.7038517 210 210 210
4.8876452 0.0 -4.444622 231 120 75
4.8876452 4.0 -4.444622 210 210 210
4.8876452 0.0 -4.1853924 231 120 80
4.8876452 4.0 -4.1853924 210 210 210
4.8876452 0.0 -3.9261627 231 120 84
4.8876452 4.0 -3.9261627 210 210 210
4.8876452 0.0 -3.666933 231 120 88
4.8876452 4.0 -3.666933 210 210 210
4.8876452 0.0 -3.4077034 231 120 93
4.8876452 4.0 -3.4077034 210 210 210
4.8876452 0.0 -3.1484737 231 120 97
4.8876452 4.0 -3.1484737 210 210 210
4.8876452 0.0 -2.889244 231 120 101
4.8876452 4.0 -2.889244 210 210 210
4.8876452 0.0 -2.6300144 231 120 106
4.8876452 4.0 -2.6300144 210 210 210
4.8876452 0.0 -2.3707848 231 120 110
4.8876452 4.0 -2.3707848 210 210 210
4.8876452 0.0 -2.111555 231 120 114
4.8876452 4.0 -2.111555 210 210 210
4.8876452 0.0 -1.8523254 231 120 119
4.8876452 4.0 -1.8523254 210 210 210
4.8876452 0.0 -1.5930958 231 120 123
4.8876452 4.0 -1.5930958 210 210 210
4.8876452 0.0 -1.3338661 231 120 127
4.8876452 4.0 -1.3338661 210 210 210
4.8876452 0.0 -1.0746365 231 120 132
4.8876452 4.0 -1.0746365 210 210 210
4.8876452 0.0 -0.8154068 231 120 136
4.8876452 4.0 -0.8154068 210 210 210
4.8876452 0.0 -0.55617714 231 120 140
4.8876452 4.0 -0.55617714 210 210 210
4.8876452 0.0 -0.2969475 231 120 145
4.8876452 4.0 -0.2969475 210 210 210
4.8876452 0.0 -0.03771788 231 120 149
4.8876452 4.0 -0.03771788 210 210 210
4.8876452 0.0 0.22151175 231 120 153
4.8876452 4.0 0.22151175 210 210 210
4.8876452 0.0 0.48074138 231 120 158
4.8876452 4.0 0.48074138 210 210 210
4.8876452 0.0 0.73997104 231 120 162
4.8876452 4.0 0.73997104 210 210 210
4.8876452 0.0 0.9992007 231 120 166
4.8876452 4.0 0.9992007 210 210 210
4.8876452 0.0 1.2584304 231 120 170
4.8876452 4.0 1.2584304 210 210 210
4.8876452 0.0 1.51766 231 120 175
4.8876452 4.0 1.51766 210 210 210
4.8876452 0.0 1.7768897 231 120 179
4.8876452 4.0 1.7768897 210 210 210
4.8876452 0.0 2.0361192 231 120 183
4.8876452 4.0 2.0361192 210 210 210
4.8876452 0.0 2.295349 231 120 188
4.8876452 4.0 2.295349 210 210 210
4.8876452 0.0 2.5545785 231 120 192
4.8876452 4.0 2.5545785 210 210 210
4.8876452 0.0 2.8138082 231 120 196
4.8876452 4.0 2.8138082 210 210 210
4.8876452 0.0 3.0730379 231 120 201
4.8876452 4.0 3.0730379 210 210 210
4.8876452 0.0 3.3322675 231 120 205
4.8876452 4.0 3.3322675 210 210 210
4.8876452 0.0 3.5914972 231 120 209
4.8876452 4.0 3.5914972 210 210 210
4.8876452 0.0 3.8507268 231 120 214
4.8876452 4.0 3.8507268 210 210 210
4.8876452 0.0 4.1099563 231 120 218
4.8876452 4.0 4.1099563 210 210 210
4.8876452 0.0 4.369186 231 120 222
4.8876452 4.0 4.369186 210 210 210
4.8876452 0.0 4.6284156 231 120 227
4.8876452 4.0 4.6284156 210 210 210
4.8876452 0.0 4.8876452 231 120 231
4.8876452 4.0 4.8876452 210 210 210
4.8876452 0.0 5.146875 231 120 235
4.8876452 4.0 5.146875 210 210 210
4.8876452 0.0 5.4061046 231 120 240
4.8876452 4.0 5.4061046 210 210 210
4.8876452 0.0 5.665334 231 120 244
4.8876452 4.0 5.665334 210 210 210
4.8876452 0.0 5.924564 231 120 248
4.8876452 4.0 5.924564 210 210 210
5.146875 0.0 -6 235 120 50
5.146875 4.0 -6 210 210 210
5.146875 0.0 -5.7407703 235 120 54
5.146875 4.0 -5.7407703 210 210 210
5.146875 0.0 -5.4815407 235 120 58
5.146875 4.0 -5.4815407 210 210 210
5.146875 0.0 -5.222311 235 120 62
5.146875 4.0 -5.222311 210 210 210
5.146875 0.0 -4.9630814 235 120 67
5.146875 4.0 -4.9630814 210 210 210
5.146875 0.0 -4.7038517 235 120 71
5.146875 4.0 -4.7038517 210 210 210
5.146875 0.0 -4.444622 235 120 75
5.146875 4.0 -4.444622 210 210 210
5.146875 0.0 -4.1853924 235 120 80
5.146875 4.0 -4.1853924 210 210 210
5.146875 0.0 -3.9261627 235 120 84
5.146875 4.0 -3.9261627 210 210 210
5.146875 0.0 -3.666933 235 120 88
5.146875 4.0 -3.666933 210 210 210
5.146875 0.0 -3.4077034 235 120 93
5.146875 4.0 -3.4077034 210 210 210
5.146875 0.0 -3.1484737 235 120 97
5.146875 4.0 -3.1484737 210 210 210
5.146875 0.0 -2.889244 235 120 101
5.146875 4.0 -2.889244 210 210 210
5.146875 0.0 -2.6300144 235 120 106
5.146875 4.0 -2.6300144 210 210 210
5.146875 0.0 -2.3707848 235 120 110
5.146875 4.0 -2.3707848 210 210 210
5.146875 0.0 -2.111555 235 120 114
5.146875 4.0 -2.111555 210 210 210
5.146875 0.0 -1.8523254 235 120 119
5.146875 4.0 -1.8523254 210 210 210
5.146875 0.0 -1.5930958 235 120 123
5.146875 4.0 -1.5930958 210 210 210
5.146875 0.0 -1.3338661 235 120 127
5.146875 4.0 -1.3338661 210 210 210
5.146875 0.0 -1.0746365 235 120 132
5.146875 4.0 -1.0746365 210 210 210
5.146875 0.0 -0.8154068 235 120 136
5.146875 4.0 -0.8154068 210 210 210
5.146875 0.0 -0.55617714 235 120 140
5.146875 4.0 -0.55617714 210 210 210
5.146875 0.0 -0.2969475 235 120 145
5.146875 4.0 -0.2969475 210 210 210
5.146875 0.0 -0.03771788 235 120 149
5.146875 4.0 -0.03771788 210 210 210
5.146875 0.0 0.22151175 235 120 153
5.146875 4.0 0.22151175 210 210 210
5.146875 0.0 0.48074138 235 120 158
5.146875 4.0 0.48074138 210 210 210
5.146875 0.0 0.73997104 235 120 162
5.146875 4.0 0.73997104 210 210 210
5.146875 0.0 0.9992007 235 120 166
5.146875 4.0 0.9992007 210 210 210
5.146875 0.0 1.2584304 235 120 170
5.146875 4.0 1.2584304 210 210 210
5.146875 0.0 1.51766 235 120 175
5.146875 4.0 1.51766 210 210 210
5.146875 0.0 1.7768897 235 120 179
5.146875 4.0 1.7768897 210 210 210
5.146875 0.0 2.0361192 235 120 183
5.146875 4.0 2.0361192 210 210 210
5.146875 0.0 2.295349 235 120 188
5.146875 4.0 2.295349 210 210 210
5.146875 0.0 2.5545785 235 120 192
5.146875 4.0 2.5545785 210 210 210
5.146875 0.0 2.8138082 235 120 196
5.146875 4.0 2.8138082 210 210 210
5.146875 0.0 3.0730379 235 120 201
5.146875 4.0 3.0730379 210 210 210
5.146875 0.0 3.3322675 235 120 205
5.146875 4.0 3.3322675 210 210 210
5.146875 0.0 3.5914972 235 120 209
5.146875 4.0 3.5914972 210 210 210
5.146875 0.0 3.8507268 235 120 214
5.146875 4.0 3.8507268 210 210 210
5.146875 0.0 4.1099563 235 120 218
5.146875 4.0 4.1099563 210 210 210
5.146875 0.0 4.369186 235 120 222
5.146875 4.0 4.369186 210 210 210
5.146875 0.0 4.6284156 235 120 227
5.146875 4.0 4.6284156 210 210 210
5.146875 0.0 4.8876452 235 120 231
5.146875 4.0 4.8876452 210 210 210
5.146875 0.0 5.146875 235 120 235
5.146875 4.0 5.146875 210 210 210
5.146875 0.0 5.4061046 235 120 240
5.146875 4.0 5.4061046 210 210 210
5.146875 0.0 5.665334 235 120 244
5.146875 4.0 5.665334 210 210 210
5.146875 0.0 5.924564 235 120 248
5.146875 4.0 5.924564 210 210 210
5.4061046 0.0 -6 240 120 50
5.4061046 4.0 -6 210 210 210
5.4061046 0.0 -5.7407703 240 120 54
5.4061046 4.0 -5.7407703 210 210 210
5.4061046 0.0 -5.4815407 240 120 58
5.4061046 4.0 -5.4815407 210 210 210
5.4061046 0.0 -5.222311 240 120 62
5.4061046 4.0 -5.222311 210 210 210
5.4061046 0.0 -4.9630814 240 120 67
5.4061046 4.0 -4.9630814 210 210 210
5.4061046 0.0 -4.7038517 240 120 71
5.4061046 4.0 -4.7038517 210 210 210
5.4061046 0.0 -4.444622 240 120 75
5.4061046 4.0 -4.444622 210 210 210
5.4061046 0.0 -4.1853924 240 120 80
5.4061046 4.0 -4.1853924 210 210 210
5.4061046 0.0 -3.9261627 240 120 84
5.4061046 4.0 -3.9261627 210 210 210
5.4061046 0.0 -3.666933 240 120 88
5.4061046 4.0 -3.666933 210 210 210
5.4061046 0.0 -3.4077034 240 120 93
5.4061046 4.0 -3.4077034 210 210 210
5.4061046 0.0 -3.1484737 240 120 97
5.4061046 4.0 -3.1484737 210 210 210
5.4061046 0.0 -2.889244 240 120 101
5.4061046 4.0 -2.889244 210 210 210
5.4061046 0.0 -2.6300144 240 120 106
5.4061046 4.0 -2.6300144 210 210 210
5.4061046 0.0 -2.3707848 240 120 110
5.4061046 4.0 -2.3707848 210 210 210
5.4061046 0.0 -2.111555 240 120 114
5.4061046 4.0 -2.111555 210 210 210
5.4061046 0.0 -1.8523254 240 120 119
5.4061046 4.0 -1.8523254 210 210 210
5.4061046 0.0 -1.5930958 240 120 123
5.4061046 4.0 -1.5930958 210 210 210
5.4061046 0.0 -1.3338661 240 120 127
5.4061046 4.0 -1.3338661 210 210 210
5.4061046 0.0 -1.0746365 240 120 132
5.4061046 4.0 -1.0746365 210 210 210
5.4061046 0.0 -0.8154068 240 120 136
5.4061046 4.0 -0.8154068 210 210 210
5.4061046 0.0 -0.55617714 240 120 140
5.4061046 4.0 -0.55617714 210 210 210
5.4061046 0.0 -0.2969475 240 120 145
5.4061046 4.0 -0.2969475 210 210 210
5.4061046 0.0 -0.03771788 240 120 149
5.4061046 4.0 -0.03771788 210 210 210
5.4061046 0.0 0.22151175 240 120 153
5.4061046 4.0 0.22151175 210 210 210
5.4061046 0.0 0.48074138 240 120 158
5.4061046 4.0 0.48074138 210 210 210
5.4061046 0.0 0.73997104 240 120 162
5.4061046 4.0 0.73997104 210 210 210
5.4061046 0.0 0.9992007 240 120 166
5.4061046 4.0 0.9992007 210 210 210
5.4061046 0.0 1.2584304 240 120 170
5.4061046 4.0 1.2584304 210 210 210
5.4061046 0.0 1.51766 240 120 175
5.4061046 4.0 1.51766 210 210 210
5.4061046 0.0 1.7768897 240 120 179
5.4061046 4.0 1.7768897 210 210 210
5.4061046 0.0 2.0361192 240 120 183
5.4061046 4.0 2.0361192 210 210 210
5.4061046 0.0 2.295349 240 120 188
5.4061046 4.0 2.295349 210 210 210
5.4061046 0.0 2.5545785 240 120 192
5.4061046 4.0 2.5545785 210 210 210
5.4061046 0.0 2.8138082 240 120 196
5.4061046 4.0 2.8138082 210 210 210
5.4061046 0.0 3.0730379 240 120 201
5.4061046 4.0 3.0730379 210 210 210
5.4061046 0.0 3.3322675 240 120 205
5.4061046 4.0 3.3322675 210 210 210
5.4061046 0.0 3.5914972 240 120 209
5.4061046 4.0 3.5914972 210 210 210
5.4061046 0.0 3.8507268 240 120 214
5.4061046 4.0 3.8507268 210 210 210
5.4061046 0.0 4.1099563 240 120 218
5.4061046 4.0 4.1099563 210 210 210
5.4061046 0.0 4.369186 240 120 222
5.4061046 4.0 4.369186 210 210 210
5.4061046 0.0 4.6284156 240 120 227
5.4061046 4.0 4.6284156 210 210 210
5.4061046 0.0 4.8876452 240 120 231
5.4061046 4.0 4.8876452 210 210 210
5.4061046 0.0 5.146875 240 120 235
5.4061046 4.0 5.146875 210 210 210
5.4061046 0.0 5.4061046 240 120 240
5.4061046 4.0 5.4061046 210 210 210
5.4061046 0.0 5.665334 240 120 244
5.4061046 4.0 5.665334 210 210 210
5.4061046 0.0 5.924564 240 120 248
5.4061046 4.0 5.924564 210 210 210
5.665334 0.0 -6 244 120 50
5.665334 4.0 -6 210 210 210
5.665334 0.0 -5.7407703 244 120 54
5.665334 4.0 -5.7407703 210 210 210
5.665334 0.0 -5.4815407 244 120 58
5.665334 4.0 -5.4815407 210 210 210
5.665334 0.0 -5.222311 244 120 62
5.665334 4.0 -5.222311 210 210 210
5.665334 0.0 -4.9630814 244 120 67
5.665334 4.0 -4.9630814 210 210 210
5.665334 0.0 -4.7038517 244 120 71
5.665334 4.0 -4.7038517 210 210 210
5.665334 0.0 -4.444622 244 120 75
5.665334 4.0 -4.444622 210 210 210
5.665334 0.0 -4.1853924 244 120 80
5.665334 4.0 -4.1853924 210 210 210
5.665334 0.0 -3.9261627 244 120 84
5.665334 4.0 -3.9261627 210 210 210
5.665334 0.0 -3.666933 244 120 88
5.665334 4.0 -3.666933 210 210 210
5.665334 0.0 -3.4077034 244 120 93
5.665334 4.0 -3.4077034 210 210 210
5.665334 0.0 -3.1484737 244 120 97
5.665334 4.0 -3.1484737 210 210 210
5.665334 0.0 -2.889244 244 120 101
5.665334 4.0 -2.889244 210 210 210
5.665334 0.0 -2.6300144 244 120 106
5.665334 4.0 -2.6300144 210 210 210
5.665334 0.0 -2.3707848 244 120 110
5.665334 4.0 -2.3707848 210 210 210
5.665334 0.0 -2.111555 244 120 114
5.665334 4.0 -2.111555 210 210 210
5.665334 0.0 -1.8523254 244 120 119
5.665334 4.0 -1.8523254 210 210 210
5.665334 0.0 -1.5930958 244 120 123
5.665334 4.0 -1.5930958 210 210 210
5.665334 0.0 -1.3338661 244 120 127
5.665334 4.0 -1.3338661 210 210 210
5.665334 0.0 -1.0746365 244 120 132
5.665334 4.0 -1.0746365 210 210 210
5.665334 0.0 -0.8154068 244 120 136
5.665334 4.0 -0.8154068 210 210 210
5.665334 0.0 -0.55617714 244 120 140
5.665334 4.0 -0.55617714 210 210 210
5.665334 0.0 -0.2969475 244 120 145
5.665334 4.0 -0.2969475 210 210 210
5.665334 0.0 -0.03771788 244 120 149
5.665334 4.0 -0.03771788 210 210 210
5.665334 0.0 0.22151175 244 120 153
5.665334 4.0 0.22151175 210 210 210
5.665334 0.0 0.48074138 244 120 158
5.665334 4.0 0.48074138 210 210 210
5.665334 0.0 0.73997104 244 120 162
5.665334 4.0 0.73997104 210 210 210
5.665334 0.0 0.9992007 244 120 166
5.665334 4.0 0.9992007 210 210 210
5.665334 0.0 1.2584304 244 120 170
5.665334 4.0 1.2584304 210 210 210
5.665334 0.0 1.51766 244 120 175
5.665334 4.0 1.51766 210 210 210
5.665334 0.0 1.7768897 244 120 179
5.665334 4.0 1.7768897 210 210 210
5.665334 0.0 2.0361192 244 120 183
5.665334 4.0 2.0361192 210 210 210
5.665334 0.0 2.295349 244 120 188
5.665334 4.0 2.295349 210 210 210
5.665334 0.0 2.5545785 244 120 192
5.665334 4.0 2.5545785 210 210 210
5.665334 0.0 2.8138082 244 120 196
5.665334 4.0 2.8138082 210 210 210
5.665334 0.0 3.0730379 244 120 201
5.665334 4.0 3.0730379 210 210 210
5.665334 0.0 3.3322675 244 120 205
5.665334 4.0 3.3322675 210 210 210
5.665334 0.0 3.5914972 244 120 209
5.665334 4.0 3.5914972 210 210 210
5.665334 0.0 3.8507268 244 120 214
5.665334 4.0 3.8507268 210 210 210
5.665334 0.0 4.1099563 244 120 218
5.665334 4.0 4.1099563 210 210 210
5.665334 0.0 4.369186 244 120 222
5.665334 4.0 4.369186 210 210 210
5.665334 0.0 4.6284156 244 120 227
5.665334 4.0 4.6284156 210 210 210
5.665334 0.0 4.8876452 244 120 231
5.665334 4.0 4.8876452 210 210 210
5.665334 0.0 5.146875 244 120 235
5.665334 4.0 5.146875 210 210 210
5.665334 0.0 5.4061046 244 120 240
5.665334 4.0 5.4061046 210 210 210
5.665334 0.0 5.665334 244 120 244
5.665334 4.0 5.665334 210 210 210
5.665334 0.0 5.924564 244 120 248
5.665334 4.0 5.924564 210 210 210
5.924564 0.0 -6 248 120 50
5.924564 4.0 -6 210 210 210
5.924564 0.0 -5.7407703 248 120 54
5.924564 4.0 -5.7407703 210 210 210
5.924564 0.0 -5.4815407 248 120 58
5.924564 4.0 -5.4815407 210 210 210
5.924564 0.0 -5.222311 248 120 62
5.924564 4.0 -5.222311 210 210 210
5.924564 0.0 -4.9630814 248 120 67
5.924564 4.0 -4.9630814 210 210 210
5.924564 0.0 -4.7038517 248 120 71
5.924564 4.0 -4.7038517 210 210 210
5.924564 0.0 -4.444622 248 120 75
5.924564 4.0 -4.444622 210 210 210
5.924564 0.0 -4.1853924 248 120 80
5.924564 4.0 -4.1853924 210 210 210
5.924564 0.0 -3.9261627 248 120 84
5.924564 4.0 -3.9261627 210 210 210
5.924564 0.0 -3.666933 248 120 88
5.924564 4.0 -3.666933 210 210 210
5.924564 0.0 -3.4077034 248 120 93
5.924564 4.0 -3.4077034 210 210 210
5.924564 0.0 -3.1484737 248 120 97
5.924564 4.0 -3.1484737 210 210 210
5.924564 0.0 -2.889244 248 120 101
5.924564 4.0 -2.889244 210 210 210
5.924564 0.0 -2.6300144 248 120 106
5.924564 4.0 -2.6300144 210 210 210
5.924564 0.0 -2.3707848 248 120 110
5.924564 4.0 -2.3707848 210 210 210
5.924564 0.0 -2.111555 248 120 114
5.924564 4.0 -2.111555 210 210 210
5.924564 0.0 -1.8523254 248 120 119
5.924564 4.0 -1.8523254 210 210 210
5.924564 0.0 -1.5930958 248 120 123
5.924564 4.0 -1.5930958 210 210 210
5.924564 0.0 -1.3338661 248 120 127
5.924564 4.0 -1.3338661 210 210 210
5.924564 0.0 -1.0746365 248 120 132
5.924564 4.0 -1.0746365 210 210 210
5.924564 0.0 -0.8154068 248 120 136
5.924564 4.0 -0.8154068 210 210 210
5.924564 0.0 -0.55617714 248 120 140
5.924564 4.0 -0.55617714 210 210 210
5.924564 0.0 -0.2969475 248 120 145
5.924564 4.0 -0.2969475 210 210 210
5.924564 0.0 -0.03771788 248 120 149
5.924564 4.0 -0.03771788 210 210 210
5.924564 0.0 0.22151175 248 120 153
5.924564 4.0 0.22151175 210 210 210
5.924564 0.0 0.48074138 248 120 158
5.924564 4.0 0.48074138 210 210 210
5.924564 0.0 0.73997104 248 120 162
5.924564 4.0 0.73997104 210 210 210
5.924564 0.0 0.9992007 248 120 166
5.924564 4.0 0.9992007 210 210 210
5.924564 0.0 1.2584304 248 120 170
5.924564 4.0 1.2584304 210 210 210
5.924564 0.0 1.51766 248 120 175
5.924564 4.0 1.51766 210 210 210
5.924564 0.0 1.7768897 248 120 179
5.924564 4.0 1.7768897 210 210 210
5.924564 0.0 2.0361192 248 120 183
5.924564 4.0 2.0361192 210 210 210
5.924564 0.0 2.295349 248 120 188
5.924564 4.0 2.295349 210 210 210
5.924564 0.0 2.5545785 248 120 192
5.924564 4.0 2.5545785 210 210 210
5.924564 0.0 2.8138082 248 120 196
5.924564 4.0 2.8138082 210 210 210
5.924564 0.0 3.0730379 248 120 201
5.924564 4.0 3.0730379 210 210 210
5.924564 0.0 3.3322675 248 120 205
5.924564 4.0 3.3322675 210 210 210
5.924564 0.0 3.5914972 248 120 209
5.924564 4.0 3.5914972 210 210 210
5.924564 0.0 3.8507268 248 120 214
5.924564 4.0 3.8507268 210 210 210
5.924564 0.0 4.1099563 248 120 218
5.924564 4.0 4.1099563 210 210 210
5.924564 0.0 4.369186 248 120 222
5.924564 4.0 4.369186 210 210 210
5.924564 0.0 4.6284156 248 120 227
5.924564 4.0 4.6284156 210 210 210
5.924564 0.0 4.8876452 248 120 231
5.924564 4.0 4.8876452 210 210 210
5.924564 0.0 5.146875 248 120 235
5.924564 4.0 5.146875 210 210 210
5.924564 0.0 5.4061046 248 120 240
5.924564 4.0 5.4061046 210 210 210
5.924564 0.0 5.665334 248 120 244
5.924564 4.0 5.665334 210 210 210
5.924564 0.0 5.924564 248 120 248
5.924564 4.0 5.924564 210 210 210
-6 0 -6.0 140 140 240
-6 0 6.0 240 140 140
-5.7407703 0 -6.0 140 140 240
-5.7407703 0 6.0 240 140 140
-5.4815407 0 -6.0 140 140 240
-5.4815407 0 6.0 240 140 140
-5.222311 0 -6.0 140 140 240
-5.222311 0 6.0 240 140 140
-4.9630814 0 -6.0 140 140 240
-4.9630814 0 6.0 240 140 140
-4.7038517 0 -6.0 140 140 240
-4.7038517 0 6.0 240 140 140
-4.444622 0 -6.0 140 140 240
-4.444622 0 6.0 240 140 140
-4.1853924 0 -6.0 140 140 240
-4.1853924 0 6.0 240 140 140
-3.9261627 0 -6.0 140 140 240
-3.9261627 0 6.0 240 140 140
-3.666933 0 -6.0 140 140 240
-3.666933 0 6.0 240 140 140
-3.4077034 0 -6.0 140 140 240
-3.4077034 0 6.0 240 140 140
-3.1484737 0 -6.0 140 140 240
-3.1484737 0 6.0 240 140 140
-2.889244 0 -6.0 140 140 240
-2.889244 0 6.0 240 140 140
-2.6300144 0 -6.0 140 140 240
-2.6300144 0 6.0 240 140 140
-2.3707848 0 -6.0 140 140 240
-2.3707848 0 6.0 240 140 140
-2.111555 0 -6.0 140 140 240
-2.111555 0 6.0 240 140 140
-1.8523254 0 -6.0 140 140 240
-1.8523254 0 6.0 240 140 140
-1.5930958 0 -6.0 140 140 240
-1.5930958 0 6.0 240 140 140
-1.3338661 0 -6.0 140 140 240
-1.3338661 0 6.0 240 140 140
-1.0746365 0 -6.0 140 140 240
-1.0746365 0 6.0 240 140 140
-0.8154068 0 -6.0 140 140 240
-0.8154068 0 6.0 240 140 140
-0.55617714 0 -6.0 140 140 240
-0.55617714 0 6.0 240 140 140
-0.2969475 0 -6.0 140 140 240
-0.2969475 0 6.0 240 140 140
-0.03771788 0 -6.0 140 140 240
-0.03771788 0 6.0 240 140 140
0.22151175 0 -6.0 140 140 240
0.22151175 0 6.0 240 140 140
0.48074138 0 -6.0 140 140 240
0.48074138 0 6.0 240 140 140
0.73997104 0 -6.0 140 140 240
0.73997104 0 6.0 240 140 140
0.9992007 0 -6.0 140 140 240
0.9992007 0 6.0 240 140 140
1.2584304 0 -6.0 140 140 240
1.2584304 0 6.0 240 140 140
1.51766 0 -6.0 140 140 240
1.51766 0 6.0 240 140 140
1.7768897 0 -6.0 140 140 240
1.7768897 0 6.0 240 140 140
2.0361192 0 -6.0 140 140 240
2.0361192 0 6.0 240 140 140
2.295349 0 -6.0 140 140 240
2.295349 0 6.0 240 140 140
2.5545785 0 -6.0 140 140 240
2.5545785 0 6.0 240 140 140
2.8138082 0 -6.0 140 140 240
2.8138082 0 6.0 240 140 140
3.0730379 0 -6.0 140 140 240
3.0730379 0 6.0 240 140 140
3.3322675 0 -6.0 140 140 240
3.3322675 0 6.0 240 140 140
3.5914972 0 -6.0 140 140 240
3.5914972 0 6.0 240 140 140
3.8507268 0 -6.0 140 140 240
3.8507268 0 6.0 240 140 140
4.1099563 0 -6.0 140 140 240
4.1099563 0 6.0 240 140 140
4.369186 0 -6.0 140 140 240
4.369186 0 6.0 240 140 140
4.6284156 0 -6.0 140 140 240
4.6284156 0 6.0 240 140 140
4.8876452 0 -6.0 140 140 240
4.8876452 0 6.0 240 140 140
5.146875 0 -6.0 140 140 240
5.146875 0 6.0 240 140 140
5.4061046 0 -6.0 140 140 240
5.4061046 0 6.0 240 140 140
5.665334 0 -6.0 140 140 240
5.665334 0 6.0 240 140 140
5.924564 0 -6.0 140 140 240
5.924564 0 6.0 240 140 140
-6.0 0 -6 140 240 140
6.0 0 -6 230 230 140
-6.0 0 -5.7407703 140 240 140
6.0 0 -5.7407703 230 230 140
-6.0 0 -5.4815407 140 240 140
6.0 0 -5.4815407 230 230 140
-6.0 0 -5.222311 140 240 140
6.0 0 -5.222311 230 230 140
-6.0 0 -4.9630814 140 240 140
6.0 0 -4.9630814 230 230 140
-6.0 0 -4.7038517 140 240 140
6.0 0 -4.7038517 230 230 140
-6.0 0 -4.444622 140 240 140
6.0 0 -4.444622 230 230 140
-6.0 0 -4.1853924 140 240 140
6.0 0 -4.1853924 230 230 140
-6.0 0 -3.9261627 140 240 140
6.0 0 -3.9261627 230 230 140
-6.0 0 -3.666933 140 240 140
6.0 0 -3.666933 230 230 140
-6.0 0 -3.4077034 140 240 140
6.0 0 -3.4077034 230 230 140
-6.0 0 -3.1484737 140 240 140
6.0 0 -3.1484737 230 230 140
-6.0 0 -2.889244 140 240 140
6.0 0 -2.889244 230 230 140
-6.0 0 -2.6300144 140 240 140
6.0 0 -2.6300144 230 230 140
-6.0 0 -2.3707848 140 240 140
6.0 0 -2.3707848 230 230 140
-6.0 0 -2.111555 140 240 140
6.0 0 -2.111555 230 230 140
-6.0 0 -1.8523254 140 240 140
6.0 0 -1.8523254 230 230 140
-6.0 0 -1.5930958 140 240 140
6.0 0 -1.5930958 230 230 140
-6.0 0 -1.3338661 140 240 140
6.0 0 -1.3338661 230 230 140
-6.0 0 -1.0746365 140 240 140
6.0 0 -1.0746365 230 230 140
-6.0 0 -0.8154068 140 240 140
6.0 0 -0.8154068 230 230 140
-6.0 0 -0.55617714 140 240 140
6.0 0 -0.55617714 230 230 140
-6.0 0 -0.2969475 140 240 140
6.0 0 -0.2969475 230 230 140
-6.0 0 -0.03771788 140 240 140
6.0 0 -0.03771788 230 230 140
-6.0 0 0.22151175 140 240 140
6.0 0 0.22151175 230 230 140
-6.0 0 0.48074138 140 240 140
6.0 0 0.48074138 230 230 140
-6.0 0 0.73997104 140 240 140
6.0 0 0.73997104 230 230 140
-6.0 0 0.9992007 140 240 140
6.0 0 0.9992007 230 230 140
-6.0 0 1.2584304 140 240 140
6.0 0 1.2584304 230 230 140
-6.0 0 1.51766 140 240 140
6.0 0 1.51766 230 230 140
-6.0 0 1.7768897 140 240 140
6.0 0 1.7768897 230 230 140
-6.0 0 2.0361192 140 240 140
6.0 0 2.0361192 230 230 140
-6.0 0 2.295349 140 240 140
6.0 0 2.295349 230 230 140
-6.0 0 2.5545785 140 240 140
6.0 0 2.5545785 230 230 140
-6.0 0 2.8138082 140 240 140
6.0 0 2.8138082 230 230 140
-6.0 0 3.0730379 140 240 140
6.0 0 3.0730379 230 230 140
-6.0 0 3.3322675 140 240 140
6.0 0 3.3322675 230 230 140
-6.0 0 3.5914972 140 240 140
6.0 0 3.5914972 230 230 140
-6.0 0 3.8507268 140 240 140
6.0 0 3.8507268 230 230 140
-6.0 0 4.1099563 140 240 140
6.0 0 4.1099563 230 230 140
-6.0 0 4.369186 140 240 140
6.0 0 4.369186 230 230 140
-6.0 0 4.6284156 140 240 140
6.0 0 4.6284156 230 230 140
-6.0 0 4.8876452 140 240 140
6.0 0 4.8876452 230 230 140
-6.0 0 5.146875 140 240 140
6.0 0 5.146875 230 230 140
-6.0 0 5.4061046 140 240 140
6.0 0 5.4061046 230 230 140
-6.0 0 5.665334 140 240 140
6.0 0 5.665334 230 230 140
-6.0 0 5.924564 140 240 140
6.0 0 5.924564 230 230 140
-6 0.25922963 -6.0 140 140 240
-6 0.25922963 6.0 240 140 140
-5.7407703 0.25922963 -6.0 140 140 240
-5.7407703 0.25922963 6.0 240 140 140
-5.4815407 0.25922963 -6.0 140 140 240
-5.4815407 0.25922963 6.0 240 140 140
-5.222311 0.25922963 -6.0 140 140 240
-5.222311 0.25922963 6.0 240 140 140
-4.9630814 0.25922963 -6.0 140 140 240
-4.9630814 0.25922963 6.0 240 140 140
-4.7038517 0.25922963 -6.0 140 140 240
-4.7038517 0.25922963 6.0 240 140 140
-4.444622 0.25922963 -6.0 140 140 240
-4.444622 0.25922963 6.0 240 140 140
-4.1853924 0.25922963 -6.0 140 140 240
-4.1853924 0.25922963 6.0 240 140 140
-3.9261627 0.25922963 -6.0 140 140 240
-3.9261627 0.25922963 6.0 240 140 140
-3.666933 0.25922963 -6.0 140 140 240
-3.666933 0.25922963 6.0 240 140 140
-3.4077034 0.25922963 -6.0 140 140 240
-3.4077034 0.25922963 6.0 240 140 140
-3.1484737 0.25922963 -6.0 140 140 240
-3.1484737 0.25922963 6.0 240 140 140
-2.889244 0.25922963 -6.0 140 140 240
-2.889244 0.25922963 6.0 240 140 140
-2.6300144 0.25922963 -6.0 140 140 240
-2.6300144 0.25922963 6.0 240 140 140
-2.3707848 0.25922963 -6.0 140 140 240
-2.3707848 0.25922963 6.0 240 140 140
-2.111555 0.25922963 -6.0 140 140 240
-2.111555 0.25922963 6.0 240 140 140
-1.8523254 0.25922963 -6.0 140 140 240
-1.8523254 0.25922963 6.0 240 140 140
-1.5930958 0.25922963 -6.0 140 140 240
-1.5930958 0.25922963 6.0 240 140 140
-1.3338661 0.25922963 -6.0 140 140 240
-1.3338661 0.25922963 6.0 240 140 140
-1.0746365 0.25922963 -6.0 140 140 240
-1.0746365 0.25922963 6.0 240 140 140
-0.8154068 0.25922963 -6.0 140 140 240
-0.8154068 0.25922963 6.0 240 140 140
-0.55617714 0.25922963 -6.0 140 140 240
-0.55617714 0.25922963 6.0 240 140 140
-0.2969475 0.25922963 -6.0 140 140 240
-0.2969475 0.25922963 6.0 240 140 140
-0.03771788 0.25922963 -6.0 140 140 240
-0.03771788 0.25922963 6.0 240 140 140
0.22151175 0.25922963 -6.0 140 140 240
0.22151175 0.25922963 6.0 240 140 140
0.48074138 0.25922963 -6.0 140 140 240
0.48074138 0.25922963 6.0 240 140 140
0.73997104 0.25922963 -6.0 140 140 240
0.73997104 0.25922963 6.0 240 140 140
0.9992007 0.25922963 -6.0 140 140 240
0.9992007 0.25922963 6.0 240 140 140
1.2584304 0.25922963 -6.0 140 140 240
1.2584304 0.25922963 6.0 240 140 140
1.51766 0.25922963 -6.0 140 140 240
1.51766 0.25922963 6.0 240 140 140
1.7768897 0.25922963 -6.0 140 140 240
1.7768897 0.25922963 6.0 240 140 140
2.0361192 0.25922963 -6.0 140 140 240
2.0361192 0.25922963 6.0 240 140 140
2.295349 0.25922963 -6.0 140 140 240
2.295349 0.25922963 6.0 240 140 140
2.5545785 0.25922963 -6.0 140 140 240
2.5545785 0.25922963 6.0 240 140 140
2.8138082 0.25922963 -6.0 140 140 240
2.8138082 0.25922963 6.0 240 140 140
3.0730379 0.25922963 -6.0 140 140 240
3.0730379 0.25922963 6.0 240 140 140
3.3322675 0.25922963 -6.0 140 140 240
3.3322675 0.25922963 6.0 240 140 140
3.5914972 0.25922963 -6.0 140 140 240
3.5914972 0.25922963 6.0 240 140 140
3.8507268 0.25922963 -6.0 140 140 240
3.8507268 0.25922963 6.0 240 140 140
4.1099563 0.25922963 -6.0 140 140 240
4.1099563 0.25922963 6.0 240 140 140
4.369186 0.25922963 -6.0 140 140 240
4.369186 0.25922963 6.0 240 140 140
4.6284156 0.25922963 -6.0 140 140 240
4.6284156 0.25922963 6.0 240 140 140
4.8876452 0.25922963 -6.0 140 140 240
4.8876452 0.25922963 6.0 240 140 140
5.146875 0.25922963 -6.0 140 140 240
5.146875 0.25922963 6.0 240 140 140
5.4061046 0.25922963 -6.0 140 140 240
5.4061046 0.25922963 6.0 240 140 140
5.665334 0.25922963 -6.0 140 140 240
5.665334 0.25922963 6.0 240 140 140
5.924564 0.25922963 -6.0 140 140 240
5.924564 0.25922963 6.0 240 140 140
-6.0 0.25922963 -6 140 240 140
6.0 0.25922963 -6 230 230 140
-6.0 0.25922963 -5.7407703 140 240 140
6.0 0.25922963 -5.7407703 230 230 140
-6.0 0.25922963 -5.4815407 140 240 140
6.0 0.25922963 -5.4815407 230 230 140
-6.0 0.25922963 -5.222311 140 240 140
6.0 0.25922963 -5.222311 230 230 140
-6.0 0.25922963 -4.9630814 140 240 140
6.0 0.25922963 -4.9630814 230 230 140
-6.0 0.25922963 -4.7038517 140 240 140
6.0 0.25922963 -4.7038517 230 230 140
-6.0 0.25922963 -4.444622 140 240 140
6.0 0.25922963 -4.444622 230 230 140
-6.0 0.25922963 -4.1853924 140 240 140
6.0 0.25922963 -4.1853924 230 230 140
-6.0 0.25922963 -3.9261627 140 240 140
6.0 0.25922963 -3.9261627 230 230 140
-6.0 0.25922963 -3.666933 140 240 140
6.0 0.25922963 -3.666933 230 230 140
-6.0 0.25922963 -3.4077034 140 240 140
6.0 0.25922963 -3.4077034 230 230 140
-6.0 0.25922963 -3.1484737 140 240 140
6.0 0.25922963 -3.1484737 230 230 140
-6.0 0.25922963 -2.889244 140 240 140
6.0 0.25922963 -2.889244 230 230 140
-6.0 0.25922963 -2.6300144 140 240 140
6.0 0.25922963 -2.6300144 230 230 140
-6.0 0.25922963 -2.3707848 140 240 140
6.0 0.25922963 -2.3707848 230 230 140
-6.0 0.25922963 -2.111555 140 240 140
6.0 0.25922963 -2.111555 230 230 140
-6.0 0.25922963 -1.8523254 140 240 140
6.0 0.25922963 -1.8523254 230 230 140
-6.0 0.25922963 -1.5930958 140 240 140
6.0 0.25922963 -1.5930958 230 230 140
-6.0 0.25922963 -1.3338661 140 240 140
6.0 0.25922963 -1.3338661 230 230 140
-6.0 0.25922963 -1.0746365 140 240 140
6.0 0.25922963 -1.0746365 230 230 140
-6.0 0.25922963 -0.8154068 140 240 140
6.0 0.25922963 -0.8154068 230 230 140
-6.0 0.25922963 -0.55617714 140 240 140
6.0 0.25922963 -0.55617714 230 230 140
-6.0 0.25922963 -0.2969475 140 240 140
6.0 0.25922963 -0.2969475 230 230 140
-6.0 0.25922963 -0.03771788 140 240 140
6.0 0.25922963 -0.03771788 230 230 140
-6.0 0.25922963 0.22151175 140 240 140
6.0 0.25922963 0.22151175 230 230 140
-6.0 0.25922963 0.48074138 140 240 140
6.0 0.25922963 0.48074138 230 230 140
-6.0 0.25922963 0.73997104 140 240 140
6.0 0.25922963 0.73997104 230 230 140
-6.0 0.25922963 0.9992007 140 240 140
6.0 0.25922963 0.9992007 230 230 140
-6.0 0.25922963 1.2584304 140 240 140
6.0 0.25922963 1.2584304 230 230 140
-6.0 0.25922963 1.51766 140 240 140
6.0 0.25922963 1.51766 230 230 140
-6.0 0.25922963 1.7768897 140 240 140
6.0 0.25922963 1.7768897 230 230 140
-6.0 0.25922963 2.0361192 140 240 140
6.0 0.25922963 2.0361192 230 230 140
-6.0 0.25922963 2.295349 140 240 140
6.0 0.25922963 2.295349 230 230 140
-6.0 0.25922963 2.5545785 140 240 140
6.0 0.25922963 2.5545785 230 230 140
-6.0 0.25922963 2.8138082 140 240 140
6.0 0.25922963 2.8138082 230 230 140
-6.0 0.25922963 3.0730379 140 240 140
6.0 0.25922963 3.0730379 230 230 140
-6.0 0.25922963 3.3322675 140 240 140
6.0 0.25922963 3.3322675 230 230 140
-6.0 0.25922963 3.5914972 140 240 140
6.0 0.25922963 3.5914972 230 230 140
-6.0 0.25922963 3.8507268 140 240 140
6.0 0.25922963 3.8507268 230 230 140
-6.0 0.25922963 4.1099563 140 240 140
6.0 0.25922963 4.1099563 230 230 140
-6.0 0.25922963 4.369186 140 240 140
6.0 0.25922963 4.369186 230 230 140
-6.0 0.25922963 4.6284156 140 240 140
6.0 0.25922963 4.6284156 230 230 140
-6.0 0.25922963 4.8876452 140 240 140
6.0 0.25922963 4.8876452 230 230 140
-6.0 0.25922963 5.146875 140 240 140
6.0 0.25922963 5.146875 230 230 140
-6.0 0.25922963 5.4061046 140 240 140
6.0 0.25922963 5.4061046 230 230 140
-6.0 0.25922963 5.665334 140 240 140
6.0 0.25922963 5.665334 230 230 140
-6.0 0.25922963 5.924564 140 240 140
6.0 0.25922963 5.924564 230 230 140
-6 0.51845926 -6.0 140 140 240
-6 0.51845926 6.0 240 140 140
-5.7407703 0.51845926 -6.0 140 140 240
-5.7407703 0.51845926 6.0 240 140 140
-5.4815407 0.51845926 -6.0 140 140 240
-5.4815407 0.51845926 6.0 240 140 140
-5.222311 0.51845926 -6.0 140 140 240
-5.222311 0.51845926 6.0 240 140 140
-4.9630814 0.51845926 -6.0 140 140 240
-4.9630814 0.51845926 6.0 240 140 140
-4.7038517 0.51845926 -6.0 140 140 240
-4.7038517 0.51845926 6.0 240 140 140
-4.444622 0.51845926 -6.0 140 140 240
-4.444622 0.51845926 6.0 240 140 140
-4.1853924 0.51845926 -6.0 140 140 240
-4.1853924 0.51845926 6.0 240 140 140
-3.9261627 0.51845926 -6.0 140 140 240
-3.9261627 0.51845926 6.0 240 140 140
-3.666933 0.51845926 -6.0 140 140 240
-3.666933 0.51845926 6.0 240 140 140
-3.4077034 0.51845926 -6.0 140 140 240
-3.4077034 0.51845926 6.0 240 140 140
-3.1484737 0.51845926 -6.0 140 140 240
-3.1484737 0.51845926 6.0 240 140 140
-2.889244 0.51845926 -6.0 140 140 240
-2.889244 0.51845926 6.0 240 140 140
-2.6300144 0.51845926 -6.0 140 140 240
-2.6300144 0.51845926 6.0 240 140 140
-2.3707848 0.51845926 -6.0 140 140 240
-2.3707848 0.51845926 6.0 240 140 140
-2.111555 0.51845926 -6.0 140 140 240
-2.111555 0.51845926 6.0 240 140 140
-1.8523254 0.51845926 -6.0 140 140 240
-1.8523254 0.51845926 6.0 240 140 140
-1.5930958 0.51845926 -6.0 140 140 240
-1.5930958 0.51845926 6.0 240 140 140
-1.3338661 0.51845926 -6.0 140 140 240
-1.3338661 0.51845926 6.0 240 140 140
-1.0746365 0.51845926 -6.0 140 140 240
-1.0746365 0.51845926 6.0 240 140 140
-0.8154068 0.51845926 -6.0 140 140 240
-0.8154068 0.51845926 6.0 240 140 140
-0.55617714 0.51845926 -6.0 140 140 240
-0.55617714 0.51845926 6.0 240 140 140
-0.2969475 0.51845926 -6.0 140 140 240
-0.2969475 0.51845926 6.0 240 140 140
-0.03771788 0.51845926 -6.0 140 140 240
-0.03771788 0.51845926 6.0 240 140 140
0.22151175 0.51845926 -6.0 140 140 240
0.22151175 0.51845926 6.0 240 140 140
0.48074138 0.51845926 -6.0 140 140 240
0.48074138 0.51845926 6.0 240 140 140
0.73997104 0.51845926 -6.0 140 140 240
0.73997104 0.51845926 6.0 240 140 140
0.9992007 0.51845926 -6.0 140 140 240
0.9992007 0.51845926 6.0 240 140 140
1.2584304 0.51845926 -6.0 140 140 240
1.2584304 0.51845926 6.0 240 140 140
1.51766 0.51845926 -6.0 140 140 240
1.51766 0.51845926 6.0 240 140 140
1.7768897 0.51845926 -6.0 140 140 240
1.7768897 0.51845926 6.0 240 140 140
2.0361192 0.51845926 -6.0 140 140 240
2.0361192 0.51845926 6.0 240 140 140
2.295349 0.51845926 -6.0 140 140 240
2.295349 0.51845926 6.0 240 140 140
2.5545785 0.51845926 -6.0 140 140 240
2.5545785 0.51845926 6.0 240 140 140
2.8138082 0.51845926 -6.0 140 140 240
2.8138082 0.51845926 6.0 240 140 140
3.0730379 0.51845926 -6.0 140 140 240
3.0730379 0.51845926 6.0 240 140 140
3.3322675 0.51845926 -6.0 140 140 240
3.3322675 0.51845926 6.0 240 140 140
3.5914972 0.51845926 -6.0 140 140 240
3.5914972 0.51845926 6.0 240 140 140
3.8507268 0.51845926 -6.0 140 140 240
3.8507268 0.51845926 6.0 240 140 140
4.1099563 0.51845926 -6.0 140 140 240
4.1099563 0.51845926 6.0 240 140 140
4.369186 0.51845926 -6.0 140 140 240
4.369186 0.51845926 6.0 240 140 140
4.6284156 0.51845926 -6.0 140 140 240
4.6284156 0.51845926 6.0 240 140 140
4.8876452 0.51845926 -6.0 140 140 240
4.8876452 0.51845926 6.0 240 140 140
5.146875 0.51845926 -6.0 140 140 240
5.146875 0.51845926 6.0 240 140 140
5.4061046 0.51845926 -6.0 140 140 240
5.4061046 0.51845926 6.0 240 140 140
5.665334 0.51845926 -6.0 140 140 240
5.665334 0.51845926 6.0 240 140 140
5.924564 0.51845926 -6.0 140 140 240
5.924564 0.51845926 6.0 240 140 140
-6.0 0.51845926 -6 140 240 140
6.0 0.51845926 -6 230 230 140
-6.0 0.51845926 -5.7407703 140 240 140
6.0 0.51845926 -5.7407703 230 230 140
-6.0 0.51845926 -5.4815407 140 240 140
6.0 0.51845926 -5.4815407 230 230 140
-6.0 0.51845926 -5.222311 140 240 140
6.0 0.51845926 -5.222311 230 230 140
-6.0 0.51845926 -4.9630814 140 240 140
6.0 0.51845926 -4.9630814 230 230 140
-6.0 0.51845926 -4.7038517 140 240 140
6.0 0.51845926 -4.7038517 230 230 140
-6.0 0.51845926 -4.444622 140 240 140
6.0 0.51845926 -4.444622 230 230 140
-6.0 0.51845926 -4.1853924 140 240 140
6.0 0.51845926 -4.1853924 230 230 140
-6.0 0.51845926 -3.9261627 140 240 140
6.0 0.51845926 -3.9261627 230 230 140
-6.0 0.51845926 -3.666933 140 240 140
6.0 0.51845926 -3.666933 230 230 140
-6.0 0.51845926 -3.4077034 140 240 140
6.0 0.51845926 -3.4077034 230 230 140
-6.0 0.51845926 -3.1484737 140 240 140
6.0 0.51845926 -3.1484737 230 230 140
-6.0 0.51845926 -2.889244 140 240 140
6.0 0.51845926 -2.889244 230 230 140
-6.0 0.51845926 -2.6300144 140 240 140
6.0 0.51845926 -2.6300144 230 230 140
-6.0 0.51845926 -2.3707848 140 240 140
6.0 0.51845926 -2.3707848 230 230 140
-6.0 0.51845926 -2.111555 140 240 140
6.0 0.51845926 -2.111555 230 230 140
-6.0 0.51845926 -1.8523254 140 240 140
6.0 0.51845926 -1.8523254 230 230 140
-6.0 0.51845926 -1.5930958 140 240 140
6.0 0.51845926 -1.5930958 230 230 140
-6.0 0.51845926 -1.3338661 140 240 140
6.0 0.51845926 -1.3338661 230 230 140
-6.0 0.51845926 -1.0746365 140 240 140
6.0 0.51845926 -1.0746365 230 230 140
-6.0 0.51845926 -0.8154068 140 240 140
6.0 0.51845926 -0.8154068 230 230 140
-6.0 0.51845926 -0.55617714 140 240 140
6.0 0.51845926 -0.55617714 230 230 140
-6.0 0.51845926 -0.2969475 140 240 140
6.0 0.51845926 -0.2969475 230 230 140
-6.0 0.51845926 -0.03771788 140 240 140
6.0 0.51845926 -0.03771788 230 230 140
-6.0 0.51845926 0.22151175 140 240 140
6.0 0.51845926 0.22151175 230 230 140
-6.0 0.51845926 0.48074138 140 240 140
6.0 0.51845926 0.48074138 230 230 140
-6.0 0.51845926 0.73997104 140 240 140
6.0 0.51845926 0.73997104 230 230 140
-6.0 0.51845926 0.9992007 140 240 140
6.0 0.51845926 0.9992007 230 230 140
-6.0 0.51845926 1.2584304 140 240 140
6.0 0.51845926 1.2584304 230 230 140
-6.0 0.51845926 1.51766 140 240 140
6.0 0.51845926 1.51766 230 230 140
-6.0 0.51845926 1.7768897 140 240 140
6.0 0.51845926 1.7768897 230 230 140
-6.0 0.51845926 2.0361192 140 240 140
6.0 0.51845926 2.0361192 230 230 140
-6.0 0.51845926 2.295349 140 240 140
6.0 0.51845926 2.295349 230 230 140
-6.0 0.51845926 2.5545785 140 240 140
6.0 0.51845926 2.5545785 230 230 140
-6.0 0.51845926 2.8138082 140 240 140
6.0 0.51845926 2.8138082 230 230 140
-6.0 0.51845926 3.0730379 140 240 140
6.0 0.51845926 3.0730379 230 230 140
-6.0 0.51845926 3.3322675 140 240 140
6.0 0.51845926 3.3322675 230 230 140
-6.0 0.51845926 3.5914972 140 240 140
6.0 0.51845926 3.5914972 230 230 140
-6.0 0.51845926 3.8507268 140 240 140
6.0 0.51845926 3.8507268 230 230 140
-6.0 0.51845926 4.1099563 140 240 140
6.0 0.51845926 4.1099563 230 230 140
-6.0 0.51845926 4.369186 140 240 140
6.0 0.51845926 4.369186 230 230 140
-6.0 0.51845926 4.6284156 140 240 140
6.0 0.51845926 4.6284156 230 230 140
-6.0 0.51845926 4.8876452 140 240 140
6.0 0.51845926 4.8876452 230 230 140
-6.0 0.51845926 5.146875 140 240 140
6.0 0.51845926 5.146875 230 230 140
-6.0 0.51845926 5.4061046 140 240 140
6.0 0.51845926 5.4061046 230 230 140
-6.0 0.51845926 5.665334 140 240 140
6.0 0.51845926 5.665334 230 230 140
-6.0 0.51845926 5.924564 140 240 140
6.0 0.51845926 5.924564 230 230 140
-6 0.77768886 -6.0 140 140 240
-6 0.77768886 6.0 240 140 140
-5.7407703 0.77768886 -6.0 140 140 240
-5.7407703 0.77768886 6.0 240 140 140
-5.4815407 0.77768886 -6.0 140 140 240
-5.4815407 0.77768886 6.0 240 140 140
-5.222311 0.77768886 -6.0 140 140 240
-5.222311 0.77768886 6.0 240 140 140
-4.9630814 0.77768886 -6.0 140 140 240
-4.9630814 0.77768886 6.0 240 140 140
-4.7038517 0.77768886 -6.0 140 140 240
-4.7038517 0.77768886 6.0 240 140 140
-4.444622 0.77768886 -6.0 140 140 240
-4.444622 0.77768886 6.0 240 140 140
-4.1853924 0.77768886 -6.0 140 140 240
-4.1853924 0.77768886 6.0 240 140 140
-3.9261627 0.77768886 -6.0 140 140 240
-3.9261627 0.77768886 6.0 240 140 140
-3.666933 0.77768886 -6.0 140 140 240
-3.666933 0.77768886 6.0 240 140 140
-3.4077034 0.77768886 -6.0 140 140 240
-3.4077034 0.77768886 6.0 240 140 140
-3.1484737 0.77768886 -6.0 140 140 240
-3.1484737 0.77768886 6.0 240 140 140
-2.889244 0.77768886 -6.0 140 140 240
-2.889244 0.77768886 6.0 240 140 140
-2.6300144 0.77768886 -6.0 140 140 240
-2.6300144 0.77768886 6.0 240 140 140
-2.3707848 0.77768886 -6.0 140 140 240
-2.3707848 0.77768886 6.0 240 140 140
-2.111555 0.77768886 -6.0 140 140 240
-2.111555 0.77768886 6.0 240 140 140
-1.8523254 0.77768886 -6.0 140 140 240
-1.8523254 0.77768886 6.0 240 140 140
-1.5930958 0.77768886 -6.0 140 140 240
-1.5930958 0.77768886 6.0 240 140 140
-1.3338661 0.77768886 -6.0 140 140 240
-1.3338661 0.77768886 6.0 240 140 140
-1.0746365 0.77768886 -6.0 140 140 240
-1.0746365 0.77768886 6.0 240 140 140
-0.8154068 0.77768886 -6.0 140 140 240
-0.8154068 0.77768886 6.0 240 140 140
-0.55617714 0.77768886 -6.0 140 140 240
-0.55617714 0.77768886 6.0 240 140 140
-0.2969475 0.77768886 -6.0 140 140 240
-0.2969475 0.77768886 6.0 240 140 140
-0.03771788 0.77768886 -6.0 140 140 240
-0.03771788 0.77768886 6.0 240 140 140
0.22151175 0.77768886 -6.0 140 140 240
0.22151175 0.77768886 6.0 240 140 140
0.48074138 0.77768886 -6.0 140 140 240
0.48074138 0.77768886 6.0 240 140 140
0.73997104 0.77768886 -6.0 140 140 240
0.73997104 0.77768886 6.0 240 140 140
0.9992007 0.77768886 -6.0 140 140 240
0.9992007 0.77768886 6.0 240 140 140
1.2584304 0.77768886 -6.0 140 140 240
1.2584304 0.77768886 6.0 240 140 140
1.51766 0.77768886 -6.0 140 140 240
1.51766 0.77768886 6.0 240 140 140
1.7768897 0.77768886 -6.0 140 140 240
1.7768897 0.77768886 6.0 240 140 140
2.0361192 0.77768886 -6.0 140 140 240
2.0361192 0.77768886 6.0 240 140 140
2.295349 0.77768886 -6.0 140 140 240
2.295349 0.77768886 6.0 240 140 140
2.5545785 0.77768886 -6.0 140 140 240
2.5545785 0.77768886 6.0 240 140 140
2.8138082 0.77768886 -6.0 140 140 240
2.8138082 0.77768886 6.0 240 140 140
3.0730379 0.77768886 -6.0 140 140 240
3.0730379 0.77768886 6.0 240 140 140
3.3322675 0.77768886 -6.0 140 140 240
3.3322675 0.77768886 6.0 240 140 140
3.5914972 0.77768886 -6.0 140 140 240
3.5914972 0.77768886 6.0 240 140 140
3.8507268 0.77768886 -6.0 140 140 240
3.8507268 0.77768886 6.0 240 140 140
4.1099563 0.77768886 -6.0 140 140 240
4.1099563 0.77768886 6.0 240 140 140
4.369186 0.77768886 -6.0 140 140 240
4.369186 0.77768886 6.0 240 140 140
4.6284156 0.77768886 -6.0 140 140 240
4.6284156 0.77768886 6.0 240 140 140
4.8876452 0.77768886 -6.0 140 140 240
4.8876452 0.77768886 6.0 240 140 140
5.146875 0.77768886 -6.0 140 140 240
5.146875 0.77768886 6.0 240 140 140
5.4061046 0.77768886 -6.0 140 140 240
5.4061046 0.77768886 6.0 240 140 140
5.665334 0.77768886 -6.0 140 140 240
5.665334 0.77768886 6.0 240 140 140
5.924564 0.77768886 -6.0 140 140 240
5.924564 0.77768886 6.0 240 140 140
-6.0 0.77768886 -6 140 240 140
6.0 0.77768886 -6 230 230 140
-6.0 0.77768886 -5.7407703 140 240 140
6.0 0.77768886 -5.7407703 230 230 140
-6.0 0.77768886 -5.4815407 140 240 140
6.0 0.77768886 -5.4815407 230 230 140
-6.0 0.77768886 -5.222311 140 240 140
6.0 0.77768886 -5.222311 230 230 140
-6.0 0.77768886 -4.9630814 140 240 140
6.0 0.77768886 -4.9630814 230 230 140
-6.0 0.77768886 -4.7038517 140 240 140
6.0 0.77768886 -4.7038517 230 230 140
-6.0 0.77768886 -4.444622 140 240 140
6.0 0.77768886 -4.444622 230 230 140
-6.0 0.77768886 -4.1853924 140 240 140
6.0 0.77768886 -4.1853924 230 230 140
-6.0 0.77768886 -3.9261627 140 240 140
6.0 0.77768886 -3.9261627 230 230 140
-6.0 0.77768886 -3.666933 140 240 140
6.0 0.77768886 -3.666933 230 230 140
-6.0 0.77768886 -3.4077034 140 240 140
6.0 0.77768886 -3.4077034 230 230 140
-6.0 0.77768886 -3.1484737 140 240 140
6.0 0.77768886 -3.1484737 230 230 140
-6.0 0.77768886 -2.889244 140 240 140
6.0 0.77768886 -2.889244 230 230 140
-6.0 0.77768886 -2.6300144 140 240 140
6.0 0.77768886 -2.6300144 230 230 140
-6.0 0.77768886 -2.3707848 140 240 140
6.0 0.77768886 -2.3707848 230 230 140
-6.0 0.77768886 -2.111555 140 240 140
6.0 0.77768886 -2.111555 230 230 140
-6.0 0.77768886 -1.8523254 140 240 140
6.0 0.77768886 -1.8523254 230 230 140
-6.0 0.77768886 -1.5930958 140 240 140
6.0 0.77768886 -1.5930958 230 230 140
-6.0 0.77768886 -1.3338661 140 240 140
6.0 0.77768886 -1.3338661 230 230 140
-6.0 0.77768886 -1.0746365 140 240 140
6.0 0.77768886 -1.0746365 230 230 140
-6.0 0.77768886 -0.8154068 140 240 140
6.0 0.77768886 -0.8154068 230 230 140
-6.0 0.77768886 -0.55617714 140 240 140
6.0 0.77768886 -0.55617714 230 230 140
-6.0 0.77768886 -0.2969475 140 240 140
6.0 0.77768886 -0.2969475 230 230 140
-6.0 0.77768886 -0.03771788 140 240 140
6.0 0.77768886 -0.03771788 230 230 140
-6.0 0.77768886 0.22151175 140 240 140
6.0 0.77768886 0.22151175 230 230 140
-6.0 0.77768886 0.48074138 140 240 140
6.0 0.77768886 0.48074138 230 230 140
-6.0 0.77768886 0.73997104 140 240 140
6.0 0.77768886 0.73997104 230 230 140
-6.0 0.77768886 0.9992007 140 240 140
6.0 0.77768886 0.9992007 230 230 140
-6.0 0.77768886 1.2584304 140 240 140
6.0 0.77768886 1.2584304 230 230 140
-6.0 0.77768886 1.51766 140 240 140
6.0 0.77768886 1.51766 230 230 140
-6.0 0.77768886 1.7768897 140 240 140
6.0 0.77768886 1.7768897 230 230 140
-6.0 0.77768886 2.0361192 140 240 140
6.0 0.77768886 2.0361192 230 230 140
-6.0 0.77768886 2.295349 140 240 140
6.0 0.77768886 2.295349 230 230 140
-6.0 0.77768886 2.5545785 140 240 140
6.0 0.77768886 2.5545785 230 230 140
-6.0 0.77768886 2.8138082 140 240 140
6.0 0.77768886 2.8138082 230 230 140
-6.0 0.77768886 3.0730379 140 240 140
6.0 0.77768886 3.0730379 230 230 140
-6.0 0.77768886 3.3322675 140 240 140
6.0 0.77768886 3.3322675 230 230 140
-6.0 0.77768886 3.5914972 140 240 140
6.0 0.77768886 3.5914972 230 230 140
-6.0 0.77768886 3.8507268 140 240 140
6.0 0.77768886 3.8507268 230 230 140
-6.0 0.77768886 4.1099563 140 240 140
6.0 0.77768886 4.1099563 230 230 140
-6.0 0.77768886 4.369186 140 240 140
6.0 0.77768886 4.369186 230 230 140
-6.0 0.77768886 4.6284156 140 240 140
6.0 0.77768886 4.6284156 230 230 140
-6.0 0.77768886 4.8876452 140 240 140
6.0 0.77768886 4.8876452 230 230 140
-6.0 0.77768886 5.146875 140 240 140
6.0 0.77768886 5.146875 230 230 140
-6.0 0.77768886 5.4061046 140 240 140
6.0 0.77768886 5.4061046 230 230 140
-6.0 0.77768886 5.665334 140 240 140
6.0 0.77768886 5.665334 230 230 140
-6.0 0.77768886 5.924564 140 240 140
6.0 0.77768886 5.924564 230 230 140
-6 1.0369185 -6.0 140 140 240
-6 1.0369185 6.0 240 140 140
-5.7407703 1.0369185 -6.0 140 140 240
-5.7407703 1.0369185 6.0 240 140 140
-5.4815407 1.0369185 -6.0 140 140 240
-5.4815407 1.0369185 6.0 240 140 140
-5.222311 1.0369185 -6.0 140 140 240
-5.222311 1.0369185 6.0 240 140 140
-4.9630814 1.0369185 -6.0 140 140 240
-4.9630814 1.0369185 6.0 240 140 140
-4.7038517 1.0369185 -6.0 140 140 240
-4.7038517 1.0369185 6.0 240 140 140
-4.444622 1.0369185 -6.0 140 140 240
-4.444622 1.0369185 6.0 240 140 140
-4.1853924 1.0369185 -6.0 140 140 240
-4.1853924 1.0369185 6.0 240 140 140
-3.9261627 1.0369185 -6.0 140 140 240
-3.9261627 1.0369185 6.0 240 140 140
-3.666933 1.0369185 -6.0 140 140 240
-3.666933 1.0369185 6.0 240 140 140
-3.4077034 1.0369185 -6.0 140 140 240
-3.4077034 1.0369185 6.0 240 140 140
-3.1484737 1.0369185 -6.0 140 140 240
-3.1484737 1.0369185 6.0 240 140 140
-2.889244 1.0369185 -6.0 140 140 240
-2.889244 1.0369185 6.0 240 140 140
-2.6300144 1.0369185 -6.0 140 140 240
-2.6300144 1.0369185 6.0 240 140 140
-2.3707848 1.0369185 -6.0 140 140 240
-2.3707848 1.0369185 6.0 240 140 140
-2.111555 1.0369185 -6.0 140 140 240
-2.111555 1.0369185 6.0 240 140 140
-1.8523254 1.0369185 -6.0 140 140 240
-1.8523254 1.0369185 6.0 240 140 140
-1.5930958 1.0369185 -6.0 140 140 240
-1.5930958 1.0369185 6.0 240 140 140
-1.3338661 1.0369185 -6.0 140 140 240
-1.3338661 1.0369185 6.0 240 140 140
-1.0746365 1.0369185 -6.0 140 140 240
-1.0746365 1.0369185 6.0 240 140 140
-0.8154068 1.0369185 -6.0 140 140 240
-0.8154068 1.0369185 6.0 240 140 140
-0.55617714 1.0369185 -6.0 140 140 240
-0.55617714 1.0369185 6.0 240 140 140
-0.2969475 1.0369185 -6.0 140 140 240
-0.2969475 1.0369185 6.0 240 140 140
-0.03771788 1.0369185 -6.0 140 140 240
-0.03771788 1.0369185 6.0 240 140 140
0.22151175 1.0369185 -6.0 140 140 240
0.22151175 1.0369185 6.0 240 140 140
0.48074138 1.0369185 -6.0 140 140 240
0.48074138 1.0369185 6.0 240 140 140
0.73997104 1.0369185 -6.0 140 140 240
0.73997104 1.0369185 6.0 240 140 140
0.9992007 1.0369185 -6.0 140 140 240
0.9992007 1.0369185 6.0 240 140 140
1.2584304 1.0369185 -6.0 140 140 240
1.2584304 1.0369185 6.0 240 140 140
1.51766 1.0369185 -6.0 140 140 240
1.51766 1.0369185 6.0 240 140 140
1.7768897 1.0369185 -6.0 140 140 240
1.7768897 1.0369185 6.0 240 140 140
2.0361192 1.0369185 -6.0 140 140 240
2.0361192 1.0369185 6.0 240 140 140
2.295349 1.0369185 -6.0 140 140 240
2.295349 1.0369185 6.0 240 140 140
2.5545785 1.0369185 -6.0 140 140 240
2.5545785 1.0369185 6.0 240 140 140
2.8138082 1.0369185 -6.0 140 140 240
2.8138082 1.0369185 6.0 240 140 140
3.0730379 1.0369185 -6.0 140 140 240
3.0730379 1.0369185 6.0 240 140 140
3.3322675 1.0369185 -6.0 140 140 240
3.3322675 1.0369185 6.0 240 140 140
3.5914972 1.0369185 -6.0 140 140 240
3.5914972 1.0369185 6.0 240 140 140
3.8507268 1.0369185 -6.0 140 140 240
3.8507268 1.0369185 6.0 240 140 140
4.1099563 1.0369185 -6.0 140 140 240
4.1099563 1.0369185 6.0 240 140 140
4.369186 1.0369185 -6.0 140 140 240
4.369186 1.0369185 6.0 240 140 140
4.6284156 1.0369185 -6.0 140 140 240
4.6284156 1.0369185 6.0 240 140 140
4.8876452 1.0369185 -6.0 140 140 240
4.8876452 1.0369185 6.0 240 140 140
5.146875 1.0369185 -6.0 140 140 240
5.146875 1.0369185 6.0 240 140 140
5.4061046 1.0369185 -6.0 140 140 240
5.4061046 1.0369185 6.0 240 140 140
5.665334 1.0369185 -6.0 140 140 240
5.665334 1.0369185 6.0 240 140 140
5.924564 1.0369185 -6.0 140 140 240
5.924564 1.0369185 6.0 240 140 140
-6.0 1.0369185 -6 140 240 140
6.0 1.0369185 -6 230 230 140
-6.0 1.0369185 -5.7407703 140 240 140
6.0 1.0369185 -5.7407703 230 230 140
-6.0 1.0369185 -5.4815407 140 240 140
6.0 1.0369185 -5.4815407 230 230 140
-6.0 1.0369185 -5.222311 140 240 140
6.0 1.0369185 -5.222311 230 230 140
-6.0 1.0369185 -4.9630814 140 240 140
6.0 1.0369185 -4.9630814 230 230 140
-6.0 1.0369185 -4.7038517 140 240 140
6.0 1.0369185 -4.7038517 230 230 140
-6.0 1.0369185 -4.444622 140 240 140
6.0 1.0369185 -4.444622 230 230 140
-6.0 1.0369185 -4.1853924 140 240 140
6.0 1.0369185 -4.1853924 230 230 140
-6.0 1.0369185 -3.9261627 140 240 140
6.0 1.0369185 -3.9261627 230 230 140
-6.0 1.0369185 -3.666933 140 240 140
6.0 1.0369185 -3.666933 230 230 140
-6.0 1.0369185 -3.4077034 140 240 140
6.0 1.0369185 -3.4077034 230 230 140
-6.0 1.0369185 -3.1484737 140 240 140
6.0 1.0369185 -3.1484737 230 230 140
-6.0 1.0369185 -2.889244 140 240 140
6.0 1.0369185 -2.889244 230 230 140
-6.0 1.0369185 -2.6300144 140 240 140
6.0 1.0369185 -2.6300144 230 230 140
-6.0 1.0369185 -2.3707848 140 240 140
6.0 1.0369185 -2.3707848 230 230 140
-6.0 1.0369185 -2.111555 140 240 140
6.0 1.0369185 -2.111555 230 230 140
-6.0 1.0369185 -1.8523254 140 240 140
6.0 1.0369185 -1.8523254 230 230 140
-6.0 1.0369185 -1.5930958 140 240 140
6.0 1.0369185 -1.5930958 230 230 140
-6.0 1.0369185 -1.3338661 140 240 140
6.0 1.0369185 -1.3338661 230 230 140
-6.0 1.0369185 -1.0746365 140 240 140
6.0 1.0369185 -1.0746365 230 230 140
-6.0 1.0369185 -0.8154068 140 240 140
6.0 1.0369185 -0.8154068 230 230 140
-6.0 1.0369185 -0.55617714 140 240 140
6.0 1.0369185 -0.55617714 230 230 140
-6.0 1.0369185 -0.2969475 140 240 140
6.0 1.0369185 -0.2969475 230 230 140
-6.0 1.0369185 -0.03771788 140 240 140
6.0 1.0369185 -0.03771788 230 230 140
-6.0 1.0369185 0.22151175 140 240 140
6.0 1.0369185 0.22151175 230 230 140
-6.0 1.0369185 0.48074138 140 240 140
6.0 1.0369185 0.48074138 230 230 140
-6.0 1.0369185 0.73997104 140 240 140
6.0 1.0369185 0.73997104 230 230 140
-6.0 1.0369185 0.9992007 140 240 140
6.0 1.0369185 0.9992007 230 230 140
-6.0 1.0369185 1.2584304 140 240 140
6.0 1.0369185 1.2584304 230 230 140
-6.0 1.0369185 1.51766 140 240 140
6.0 1.0369185 1.51766 230 230 140
-6.0 1.0369185 1.7768897 140 240 140
6.0 1.0369185 1.7768897 230 230 140
-6.0 1.0369185 2.0361192 140 240 140
6.0 1.0369185 2.0361192 230 230 140
-6.0 1.0369185 2.295349 140 240 140
6.0 1.0369185 2.295349 230 230 140
-6.0 1.0369185 2.5545785 140 240 140
6.0 1.0369185 2.5545785 230 230 140
-6.0 1.0369185 2.8138082 140 240 140
6.0 1.0369185 2.8138082 230 230 140
-6.0 1.0369185 3.0730379 140 240 140
6.0 1.0369185 3.0730379 230 230 140
-6.0 1.0369185 3.3322675 140 240 140
6.0 1.0369185 3.3322675 230 230 140
-6.0 1.0369185 3.5914972 140 240 140
6.0 1.0369185 3.5914972 230 230 140
-6.0 1.0369185 3.8507268 140 240 140
6.0 1.0369185 3.8507268 230 230 140
-6.0 1.0369185 4.1099563 140 240 140
6.0 1.0369185 4.1099563 230 230 140
-6.0 1.0369185 4.369186 140 240 140
6.0 1.0369185 4.369186 230 230 140
-6.0 1.0369185 4.6284156 140 240 140
6.0 1.0369185 4.6284156 230 230 140
-6.0 1.0369185 4.8876452 140 240 140
6.0 1.0369185 4.8876452 230 230 140
-6.0 1.0369185 5.146875 140 240 140
6.0 1.0369185 5.146875 230 230 140
-6.0 1.0369185 5.4061046 140 240 140
6.0 1.0369185 5.4061046 230 230 140
-6.0 1.0369185 5.665334 140 240 140
6.0 1.0369185 5.665334 230 230 140
-6.0 1.0369185 5.924564 140 240 140
6.0 1.0369185 5.924564 230 230 140
-6 1.2961482 -6.0 140 140 240
-6 1.2961482 6.0 240 140 140
-5.7407703 1.2961482 -6.0 140 140 240
-5.7407703 1.2961482 6.0 240 140 140
-5.4815407 1.2961482 -6.0 140 140 240
-5.4815407 1.2961482 6.0 240 140 140
-5.222311 1.2961482 -6.0 140 140 240
-5.222311 1.2961482 6.0 240 140 140
-4.9630814 1.2961482 -6.0 140 140 240
-4.9630814 1.2961482 6.0 240 140 140
-4.7038517 1.2961482 -6.0 140 140 240
-4.7038517 1.2961482 6.0 240 140 140
-4.444622 1.2961482 -6.0 140 140 240
-4.444622 1.2961482 6.0 240 140 140
-4.1853924 1.2961482 -6.0 140 140 240
-4.1853924 1.2961482 6.0 240 140 140
-3.9261627 1.2961482 -6.0 140 140 240
-3.9261627 1.2961482 6.0 240 140 140
-3.666933 1.2961482 -6.0 140 140 240
-3.666933 1.2961482 6.0 240 140 140
-3.4077034 1.2961482 -6.0 140 140 240
-3.4077034 1.2961482 6.0 240 140 140
-3.1484737 1.2961482 -6.0 140 140 240
-3.1484737 1.2961482 6.0 240 140 140
-2.889244 1.2961482 -6.0 140 140 240
-2.889244 1.2961482 6.0 240 140 140
-2.6300144 1.2961482 -6.0 140 140 240
-2.6300144 1.2961482 6.0 240 140 140
-2.3707848 1.2961482 -6.0 140 140 240
-2.3707848 1.2961482 6.0 240 140 140
-2.111555 1.2961482 -6.0 140 140 240
-2.111555 1.2961482 6.0 240 140 140
-1.8523254 1.2961482 -6.0 140 140 240
-1.8523254 1.2961482 6.0 240 140 140
-1.5930958 1.2961482 -6.0 140 140 240
-1.5930958 1.2961482 6.0 240 140 140
-1.3338661 1.2961482 -6.0 140 140 240
-1.3338661 1.2961482 6.0 240 140 140
-1.0746365 1.2961482 -6.0 140 140 240
-1.0746365 1.2961482 6.0 240 140 140
-0.8154068 1.2961482 -6.0 140 140 240
-0.8154068 1.2961482 6.0 240 140 140
-0.55617714 1.2961482 -6.0 140 140 240
-0.55617714 1.2961482 6.0 240 140 140
-0.2969475 1.2961482 -6.0 140 140 240
-0.2969475 1.2961482 6.0 240 140 140
-0.03771788 1.2961482 -6.0 140 140 240
-0.03771788 1.2961482 6.0 240 140 140
0.22151175 1.2961482 -6.0 140 140 240
0.22151175 1.2961482 6.0 240 140 140
0.48074138 1.2961482 -6.0 140 140 240
0.48074138 1.2961482 6.0 240 140 140
0.73997104 1.2961482 -6.0 140 140 240
0.73997104 1.2961482 6.0 240 140 140
0.9992007 1.2961482 -6.0 140 140 240
0.9992007 1.2961482 6.0 240 140 140
1.2584304 1.2961482 -6.0 140 140 240
1.2584304 1.2961482 6.0 240 140 140
1.51766 1.2961482 -6.0 140 140 240
1.51766 1.2961482 6.0 240 140 140
1.7768897 1.2961482 -6.0 140 140 240
1.7768897 1.2961482 6.0 240 140 140
2.0361192 1.2961482 -6.0 140 140 240
2.0361192 1.2961482 6.0 240 140 140
2.295349 1.2961482 -6.0 140 140 240
2.295349 1.2961482 6.0 240 140 140
2.5545785 1.2961482 -6.0 140 140 240
2.5545785 1.2961482 6.0 240 140 140
2.8138082 1.2961482 -6.0 140 140 240
2.8138082 1.2961482 6.0 240 140 140
3.0730379 1.2961482 -6.0 140 140 240
3.0730379 1.2961482 6.0 240 140 140
3.3322675 1.2961482 -6.0 140 140 240
3.3322675 1.2961482 6.0 240 140 140
3.5914972 1.2961482 -6.0 140 140 240
3.5914972 1.2961482 6.0 240 140 140
3.8507268 1.2961482 -6.0 140 140 240
3.8507268 1.2961482 6.0 240 140 140
4.1099563 1.2961482 -6.0 140 140 240
4.1099563 1.2961482 6.0 240 140 140
4.369186 1.2961482 -6.0 140 140 240
4.369186 1.2961482 6.0 240 140 140
4.6284156 1.2961482 -6.0 140 140 240
4.6284156 1.2961482 6.0 240 140 140
4.8876452 1.2961482 -6.0 140 140 240
4.8876452 1.2961482 6.0 240 140 140
5.146875 1.2961482 -6.0 140 140 240
5.146875 1.2961482 6.0 240 140 140
5.4061046 1.2961482 -6.0 140 140 240
5.4061046 1.2961482 6.0 240 140 140
5.665334 1.2961482 -6.0 140 140 240
5.665334 1.2961482 6.0 240 140 140
5.924564 1.2961482 -6.0 140 140 240
5.924564 1.2961482 6.0 240 140 140
-6.0 1.2961482 -6 140 240 140
6.0 1.2961482 -6 230 230 140
-6.0 1.2961482 -5.7407703 140 240 140
6.0 1.2961482 -5.7407703 230 230 140
-6.0 1.2961482 -5.4815407 140 240 140
6.0 1.2961482 -5.4815407 230 230 140
-6.0 1.2961482 -5.222311 140 240 140
6.0 1.2961482 -5.222311 230 230 140
-6.0 1.2961482 -4.9630814 140 240 140
6.0 1.2961482 -4.9630814 230 230 140
-6.0 1.2961482 -4.7038517 140 240 140
6.0 1.2961482 -4.7038517 230 230 140
-6.0 1.2961482 -4.444622 140 240 140
6.0 1.2961482 -4.444622 230 230 140
-6.0 1.2961482 -4.1853924 140 240 140
6.0 1.2961482 -4.1853924 230 230 140
-6.0 1.2961482 -3.9261627 140 240 140
6.0 1.2961482 -3.9261627 230 230 140
-6.0 1.2961482 -3.666933 140 240 140
6.0 1.2961482 -3.666933 230 230 140
-6.0 1.2961482 -3.4077034 140 240 140
6.0 1.2961482 -3.4077034 230 230 140
-6.0 1.2961482 -3.1484737 140 240 140
6.0 1.2961482 -3.1484737 230 230 140
-6.0 1.2961482 -2.889244 140 240 140
6.0 1.2961482 -2.889244 230 230 140
-6.0 1.2961482 -2.6300144 140 240 140
6.0 1.2961482 -2.6300144 230 230 140
-6.0 1.2961482 -2.3707848 140 240 140
6.0 1.2961482 -2.3707848 230 230 140
-6.0 1.2961482 -2.111555 140 240 140
6.0 1.2961482 -2.111555 230 230 140
-6.0 1.2961482 -1.8523254 140 240 140
6.0 1.2961482 -1.8523254 230 230 140
-6.0 1.2961482 -1.5930958 140 240 140
6.0 1.2961482 -1.5930958 230 230 140
-6.0 1.2961482 -1.3338661 140 240 140
6.0 1.2961482 -1.3338661 230 230 140
-6.0 1.2961482 -1.0746365 140 240 140
6.0 1.2961482 -1.0746365 230 230 140
-6.0 1.2961482 -0.8154068 140 240 140
6.0 1.2961482 -0.8154068 230 230 140
-6.0 1.2961482 -0.55617714 140 240 140
6.0 1.2961482 -0.55617714 230 230 140
-6.0 1.2961482 -0.2969475 140 240 140
6.0 1.2961482 -0.2969475 230 230 140
-6.0 1.2961482 -0.03771788 140 240 140
6.0 1.2961482 -0.03771788 230 230 140
-6.0 1.2961482 0.22151175 140 240 140
6.0 1.2961482 0.22151175 230 230 140
-6.0 1.2961482 0.48074138 140 240 140
6.0 1.2961482 0.48074138 230 230 140
-6.0 1.2961482 0.73997104 140 240 140
6.0 1.2961482 0.73997104 230 230 140
-6.0 1.2961482 0.9992007 140 240 140
6.0 1.2961482 0.9992007 230 230 140
-6.0 1.2961482 1.2584304 140 240 140
6.0 1.2961482 1.2584304 230 230 140
-6.0 1.2961482 1.51766 140 240 140
6.0 1.2961482 1.51766 230 230 140
-6.0 1.2961482 1.7768897 140 240 140
6.0 1.2961482 1.7768897 230 230 140
-6.0 1.2961482 2.0361192 140 240 140
6.0 1.2961482 2.0361192 230 230 140
-6.0 1.2961482 2.295349 140 240 140
6.0 1.2961482 2.295349 230 230 140
-6.0 1.2961482 2.5545785 140 240 140
6.0 1.2961482 2.5545785 230 230 140
-6.0 1.2961482 2.8138082 140 240 140
6.0 1.2961482 2.8138082 230 230 140
-6.0 1.2961482 3.0730379 140 240 140
6.0 1.2961482 3.0730379 230 230 140
-6.0 1.2961482 3.3322675 140 240 140
6.0 1.2961482 3.3322675 230 230 140
-6.0 1.2961482 3.5914972 140 240 140
6.0 1.2961482 3.5914972 230 230 140
-6.0 1.2961482 3.8507268 140 240 140
6.0 1.2961482 3.8507268 230 230 140
-6.0 1.2961482 4.1099563 140 240 140
6.0 1.2961482 4.1099563 230 230 140
-6.0 1.2961482 4.369186 140 240 140
6.0 1.2961482 4.369186 230 230 140
-6.0 1.2961482 4.6284156 140 240 140
6.0 1.2961482 4.6284156 230 230 140
-6.0 1.2961482 4.8876452 140 240 140
6.0 1.2961482 4.8876452 230 230 140
-6.0 1.2961482 5.146875 140 240 140
6.0 1.2961482 5.146875 230 230 140
-6.0 1.2961482 5.4061046 140 240 140
6.0 1.2961482 5.4061046 230 230 140
-6.0 1.2961482 5.665334 140 240 140
6.0 1.2961482 5.665334 230 230 140
-6.0 1.2961482 5.924564 140 240 140
6.0 1.2961482 5.924564 230 230 140
-6 1.5553778 -6.0 140 140 240
-6 1.5553778 6.0 240 140 140
-5.7407703 1.5553778 -6.0 140 140 240
-5.7407703 1.5553778 6.0 240 140 140
-5.4815407 1.5553778 -6.0 140 140 240
-5.4815407 1.5553778 6.0 240 140 140
-5.222311 1.5553778 -6.0 140 140 240
-5.222311 1.5553778 6.0 240 140 140
-4.9630814 1.5553778 -6.0 140 140 240
-4.9630814 1.5553778 6.0 240 140 140
-4.7038517 1.5553778 -6.0 140 140 240
-4.7038517 1.5553778 6.0 240 140 140
-4.444622 1.5553778 -6.0 140 140 240
-4.444622 1.5553778 6.0 240 140 140
-4.1853924 1.5553778 -6.0 140 140 240
-4.1853924 1.5553778 6.0 240 140 140
-3.9261627 1.5553778 -6.0 140 140 240
-3.9261627 1.5553778 6.0 240 140 140
-3.666933 1.5553778 -6.0 140 140 240
-3.666933 1.5553778 6.0 240 140 140
-3.4077034 1.5553778 -6.0 140 140 240
-3.4077034 1.5553778 6.0 240 140 140
-3.1484737 1.5553778 -6.0 140 140 240
-3.1484737 1.5553778 6.0 240 140 140
-2.889244 1.5553778 -6.0 140 140 240
-2.889244 1.5553778 6.0 240 140 140
-2.6300144 1.5553778 -6.0 140 140 240
-2.6300144 1.5553778 6.0 240 140 140
-2.3707848 1.5553778 -6.0 140 140 240
-2.3707848 1.5553778 6.0 240 140 140
-2.111555 1.5553778 -6.0 140 140 240
-2.111555 1.5553778 6.0 240 140 140
-1.8523254 1.5553778 -6.0 140 140 240
-1.8523254 1.5553778 6.0 240 140 140
-1.5930958 1.5553778 -6.0 140 140 240
-1.5930958 1.5553778 6.0 240 140 140
-1.3338661 1.5553778 -6.0 140 140 240
-1.3338661 1.5553778 6.0 240 140 140
-1.0746365 1.5553778 -6.0 140 140 240
-1.0746365 1.5553778 6.0 240 140 140
-0.8154068 1.5553778 -6.0 140 140 240
-0.8154068 1.5553778 6.0 240 140 140
-0.55617714 1.5553778 -6.0 140 140 240
-0.55617714 1.5553778 6.0 240 140 140
-0.2969475 1.5553778 -6.0 140 140 240
-0.2969475 1.5553778 6.0 240 140 140
-0.03771788 1.5553778 -6.0 140 140 240
-0.03771788 1.5553778 6.0 240 140 140
0.22151175 1.5553778 -6.0 140 140 240
0.22151175 1.5553778 6.0 240 140 140
0.48074138 1.5553778 -6.0 140 140 240
0.48074138 1.5553778 6.0 240 140 140
0.73997104 1.5553778 -6.0 140 140 240
0.73997104 1.5553778 6.0 240 140 140
0.9992007 1.5553778 -6.0 140 140 240
0.9992007 1.5553778 6.0 240 140 140
1.2584304 1.5553778 -6.0 140 140 240
1.2584304 1.5553778 6.0 240 140 140
1.51766 1.5553778 -6.0 140 140 240
1.51766 1.5553778 6.0 240 140 140
1.7768897 1.5553778 -6.0 140 140 240
1.7768897 1.5553778 6.0 240 140 140
2.0361192 1.5553778 -6.0 140 140 240
2.0361192 1.5553778 6.0 240 140 140
2.295349 1.5553778 -6.0 140 140 240
2.295349 1.5553778 6.0 240 140 140
2.5545785 1.5553778 -6.0 140 140 240
2.5545785 1.5553778 6.0 240 140 140
2.8138082 1.5553778 -6.0 140 140 240
2.8138082 1.5553778 6.0 240 140 140
3.0730379 1.5553778 -6.0 140 140 240
3.0730379 1.5553778 6.0 240 140 140
3.3322675 1.5553778 -6.0 140 140 240
3.3322675 1.5553778 6.0 240 140 140
3.5914972 1.5553778 -6.0 140 140 240
3.5914972 1.5553778 6.0 240 140 140
3.8507268 1.5553778 -6.0 140 140 240
3.8507268 1.5553778 6.0 240 140 140
4.1099563 1.5553778 -6.0 140 140 240
4.1099563 1.5553778 6.0 240 140 140
4.369186 1.5553778 -6.0 140 140 240
4.369186 1.5553778 6.0 240 140 140
4.6284156 1.5553778 -6.0 140 140 240
4.6284156 1.5553778 6.0 240 140 140
4.8876452 1.5553778 -6.0 140 140 240
4.8876452 1.5553778 6.0 240 140 140
5.146875 1.5553778 -6.0 140 140 240
5.146875 1.5553778 6.0 240 140 140
5.4061046 1.5553778 -6.0 140 140 240
5.4061046 1.5553778 6.0 240 140 140
5.665334 1.5553778 -6.0 140 140 240
5.665334 1.5553778 6.0 240 140 140
5.924564 1.5553778 -6.0 140 140 240
5.924564 1.5553778 6.0 240 140 140
-6.0 1.5553778 -6 140 240 140
6.0 1.5553778 -6 230 230 140
-6.0 1.5553778 -5.7407703 140 240 140
6.0 1.5553778 -5.7407703 230 230 140
-6.0 1.5553778 -5.4815407 140 240 140
6.0 1.5553778 -5.4815407 230 230 140
-6.0 1.5553778 -5.222311 140 240 140
6.0 1.5553778 -5.222311 230 230 140
-6.0 1.5553778 -4.9630814 140 240 140
6.0 1.5553778 -4.9630814 230 230 140
-6.0 1.5553778 -4.7038517 140 240 140
6.0 1.5553778 -4.7038517 230 230 140
-6.0 1.5553778 -4.444622 140 240 140
6.0 1.5553778 -4.444622 230 230 140
-6.0 1.5553778 -4.1853924 140 240 140
6.0 1.5553778 -4.1853924 230 230 140
-6.0 1.5553778 -3.9261627 140 240 140
6.0 1.5553778 -3.9261627 230 230 140
-6.0 1.5553778 -3.666933 140 240 140
6.0 1.5553778 -3.666933 230 230 140
-6.0 1.5553778 -3.4077034 140 240 140
6.0 1.5553778 -3.4077034 230 230 140
-6.0 1.5553778 -3.1484737 140 240 140
6.0 1.5553778 -3.1484737 230 230 140
-6.0 1.5553778 -2.889244 140 240 140
6.0 1.5553778 -2.889244 230 230 140
-6.0 1.5553778 -2.6300144 140 240 140
6.0 1.5553778 -2.6300144 230 230 140
-6.0 1.5553778 -2.3707848 140 240 140
6.0 1.5553778 -2.3707848 230 230 140
-6.0 1.5553778 -2.111555 140 240 140
6.0 1.5553778 -2.111555 230 230 140
-6.0 1.5553778 -1.8523254 140 240 140
6.0 1.5553778 -1.8523254 230 230 140
-6.0 1.5553778 -1.5930958 140 240 140
6.0 1.5553778 -1.5930958 230 230 140
-6.0 1.5553778 -1.3338661 140 240 140
6.0 1.5553778 -1.3338661 230 230 140
-6.0 1.5553778 -1.0746365 140 240 140
6.0 1.5553778 -1.0746365 230 230 140
-6.0 1.5553778 -0.8154068 140 240 140
6.0 1.5553778 -0.8154068 230 230 140
-6.0 1.5553778 -0.55617714 140 240 140
6.0 1.5553778 -0.55617714 230 230 140
-6.0 1.5553778 -0.2969475 140 240 140
6.0 1.5553778 -0.2969475 230 230 140
-6.0 1.5553778 -0.03771788 140 240 140
6.0 1.5553778 -0.03771788 230 230 140
-6.0 1.5553778 0.22151175 140 240 140
6.0 1.5553778 0.22151175 230 230 140
-6.0 1.5553778 0.48074138 140 240 140
6.0 1.5553778 0.48074138 230 230 140
-6.0 1.5553778 0.73997104 140 240 140
6.0 1.5553778 0.73997104 230 230 140
-6.0 1.5553778 0.9992007 140 240 140
6.0 1.5553778 0.9992007 230 230 140
-6.0 1.5553778 1.2584304 140 240 140
6.0 1.5553778 1.2584304 230 230 140
-6.0 1.5553778 1.51766 140 240 140
6.0 1.5553778 1.51766 230 230 140
-6.0 1.5553778 1.7768897 140 240 140
6.0 1.5553778 1.7768897 230 230 140
-6.0 1.5553778 2.0361192 140 240 140
6.0 1.5553778 2.0361192 230 230 140
-6.0 1.5553778 2.295349 140 240 140
6.0 1.5553778 2.295349 230 230 140
-6.0 1.5553778 2.5545785 140 240 140
6.0 1.5553778 2.5545785 230 230 140
-6.0 1.5553778 2.8138082 140 240 140
6.0 1.5553778 2.8138082 230 230 140
-6.0 1.5553778 3.0730379 140 240 140
6.0 1.5553778 3.0730379 230 230 140
-6.0 1.5553778 3.3322675 140 240 140
6.0 1.5553778 3.3322675 230 230 140
-6.0 1.5553778 3.5914972 140 240 140
6.0 1.5553778 3.5914972 230 230 140
-6.0 1.5553778 3.8507268 140 240 140
6.0 1.5553778 3.8507268 230 230 140
-6.0 1.5553778 4.1099563 140 240 140
6.0 1.5553778 4.1099563 230 230 140
-6.0 1.5553778 4.369186 140 240 140
6.0 1.5553778 4.369186 230 230 140
-6.0 1.5553778 4.6284156 140 240 140
6.0 1.5553778 4.6284156 230 230 140
-6.0 1.5553778 4.8876452 140 240 140
6.0 1.5553778 4.8876452 230 230 140
-6.0 1.5553778 5.146875 140 240 140
6.0 1.5553778 5.146875 230 230 140
-6.0 1.5553778 5.4061046 140 240 140
6.0 1.5553778 5.4061046 230 230 140
-6.0 1.5553778 5.665334 140 240 140
6.0 1.5553778 5.665334 230 230 140
-6.0 1.5553778 5.924564 140 240 140
6.0 1.5553778 5.924564 230 230 140
-6 1.8146075 -6.0 140 140 240
-6 1.8146075 6.0 240 140 140
-5.7407703 1.8146075 -6.0 140 140 240
-5.7407703 1.8146075 6.0 240 140 140
-5.4815407 1.8146075 -6.0 140 140 240
-5.4815407 1.8146075 6.0 240 140 140
-5.222311 1.8146075 -6.0 140 140 240
-5.222311 1.8146075 6.0 240 140 140
-4.9630814 1.8146075 -6.0 140 140 240
-4.9630814 1.8146075 6.0 240 140 140
-4.7038517 1.8146075 -6.0 140 140 240
-4.7038517 1.8146075 6.0 240 140 140
-4.444622 1.8146075 -6.0 140 140 240
-4.444622 1.8146075 6.0 240 140 140
-4.1853924 1.8146075 -6.0 140 140 240
-4.1853924 1.8146075 6.0 240 140 140
-3.9261627 1.8146075 -6.0 140 140 240
-3.9261627 1.8146075 6.0 240 140 140
-3.666933 1.8146075 -6.0 140 140 240
-3.666933 1.8146075 6.0 240 140 140
-3.4077034 1.8146075 -6.0 140 140 240
-3.4077034 1.8146075 6.0 240 140 140
-3.1484737 1.8146075 -6.0 140 140 240
-3.1484737 1.8146075 6.0 240 140 140
-2.889244 1.8146075 -6.0 140 140 240
-2.889244 1.8146075 6.0 240 140 140
-2.6300144 1.8146075 -6.0 140 140 240
-2.6300144 1.8146075 6.0 240 140 140
-2.3707848 1.8146075 -6.0 140 140 240
-2.3707848 1.8146075 6.0 240 140 140
-2.111555 1.8146075 -6.0 140 140 240
-2.111555 1.8146075 6.0 240 140 140
-1.8523254 1.8146075 -6.0 140 140 240
-1.8523254 1.8146075 6.0 240 140 140
-1.5930958 1.8146075 -6.0 140 140 240
-1.5930958 1.8146075 6.0 240 140 140
-1.3338661 1.8146075 -6.0 140 140 240
-1.3338661 1.8146075 6.0 240 140 140
-1.0746365 1.8146075 -6.0 140 140 240
-1.0746365 1.8146075 6.0 240 140 140
-0.8154068 1.8146075 -6.0 140 140 240
-0.8154068 1.8146075 6.0 240 140 140
-0.55617714 1.8146075 -6.0 140 140 240
-0.55617714 1.8146075 6.0 240 140 140
-0.2969475 1.8146075 -6.0 140 140 240
-0.2969475 1.8146075 6.0 240 140 140
-0.03771788 1.8146075 -6.0 140 140 240
-0.03771788 1.8146075 6.0 240 140 140
0.22151175 1.8146075 -6.0 140 140 240
0.22151175 1.8146075 6.0 240 140 140
0.48074138 1.8146075 -6.0 140 140 240
0.48074138 1.8146075 6.0 240 140 140
0.73997104 1.8146075 -6.0 140 140 240
0.73997104 1.8146075 6.0 240 140 140
0.9992007 1.8146075 -6.0 140 140 240
0.9992007 1.8146075 6.0 240 140 140
1.2584304 1.8146075 -6.0 140 140 240
1.2584304 1.8146075 6.0 240 140 140
1.51766 1.8146075 -6.0 140 140 240
1.51766 1.8146075 6.0 240 140 140
1.7768897 1.8146075 -6.0 140 140 240
1.7768897 1.8146075 6.0 240 140 140
2.0361192 1.8146075 -6.0 140 140 240
2.0361192 1.8146075 6.0 240 140 140
2.295349 1.8146075 -6.0 140 140 240
2.295349 1.8146075 6.0 240 140 140
2.5545785 1.8146075 -6.0 140 140 240
2.5545785 1.8146075 6.0 240 140 140
2.8138082 1.8146075 -6.0 140 140 240
2.8138082 1.8146075 6.0 240 140 140
3.0730379 1.8146075 -6.0 140 140 240
3.0730379 1.8146075 6.0 240 140 140
3.3322675 1.8146075 -6.0 140 140 240
3.3322675 1.8146075 6.0 240 140 140
3.5914972 1.8146075 -6.0 140 140 240
3.5914972 1.8146075 6.0 240 140 140
3.8507268 1.8146075 -6.0 140 140 240
3.8507268 1.8146075 6.0 240 140 140
4.1099563 1.8146075 -6.0 140 140 240
4.1099563 1.8146075 6.0 240 140 140
4.369186 1.8146075 -6.0 140 140 240
4.369186 1.8146075 6.0 240 140 140
4.6284156 1.8146075 -6.0 140 140 240
4.6284156 1.8146075 6.0 240 140 140
4.8876452 1.8146075 -6.0 140 140 240
4.8876452 1.8146075 6.0 240 140 140
5.146875 1.8146075 -6.0 140 140 240
5.146875 1.8146075 6.0 240 140 140
5.4061046 1.8146075 -6.0 140 140 240
5.4061046 1.8146075 6.0 240 140 140
5.665334 1.8146075 -6.0 140 140 240
5.665334 1.8146075 6.0 240 140 140
5.924564 1.8146075 -6.0 140 140 240
5.924564 1.8146075 6.0 240 140 140
-6.0 1.8146075 -6 140 240 140
6.0 1.8146075 -6 230 230 140
-6.0 1.8146075 -5.7407703 140 240 140
6.0 1.8146075 -5.7407703 230 230 140
-6.0 1.8146075 -5.4815407 140 240 140
6.0 1.8146075 -5.4815407 230 230 140
-6.0 1.8146075 -5.222311 140 240 140
6.0 1.8146075 -5.222311 230 230 140
-6.0 1.8146075 -4.9630814 140 240 140
6.0 1.8146075 -4.9630814 230 230 140
-6.0 1.8146075 -4.7038517 140 240 140
6.0 1.8146075 -4.7038517 230 230 140
-6.0 1.8146075 -4.444622 140 240 140
6.0 1.8146075 -4.444622 230 230 140
-6.0 1.8146075 -4.1853924 140 240 140
6.0 1.8146075 -4.1853924 230 230 140
-6.0 1.8146075 -3.9261627 140 240 140
6.0 1.8146075 -3.9261627 230 230 140
-6.0 1.8146075 -3.666933 140 240 140
6.0 1.8146075 -3.666933 230 230 140
-6.0 1.8146075 -3.4077034 140 240 140
6.0 1.8146075 -3.4077034 230 230 140
-6.0 1.8146075 -3.1484737 140 240 140
6.0 1.8146075 -3.1484737 230 230 140
-6.0 1.8146075 -2.889244 140 240 140
6.0 1.8146075 -2.889244 230 230 140
-6.0 1.8146075 -2.6300144 140 240 140
6.0 1.8146075 -2.6300144 230 230 140
-6.0 1.8146075 -2.3707848 140 240 140
6.0 1.8146075 -2.3707848 230 230 140
-6.0 1.8146075 -2.111555 140 240 140
6.0 1.8146075 -2.111555 230 230 140
-6.0 1.8146075 -1.8523254 140 240 140
6.0 1.8146075 -1.8523254 230 230 140
-6.0 1.8146075 -1.5930958 140 240 140
6.0 1.8146075 -1.5930958 230 230 140
-6.0 1.8146075 -1.3338661 140 240 140
6.0 1.8146075 -1.3338661 230 230 140
-6.0 1.8146075 -1.0746365 140 240 140
6.0 1.8146075 -1.0746365 230 230 140
-6.0 1.8146075 -0.8154068 140 240 140
6.0 1.8146075 -0.8154068 230 230 140
-6.0 1.8146075 -0.55617714 140 240 140
6.0 1.8146075 -0.55617714 230 230 140
-6.0 1.8146075 -0.2969475 140 240 140
6.0 1.8146075 -0.2969475 230 230 140
-6.0 1.8146075 -0.03771788 140 240 140
6.0 1.8146075 -0.03771788 230 230 140
-6.0 1.8146075 0.22151175 140 240 140
6.0 1.8146075 0.22151175 230 230 140
-6.0 1.8146075 0.48074138 140 240 140
6.0 1.8146075 0.48074138 230 230 140
-6.0 1.8146075 0.73997104 140 240 140
6.0 1.8146075 0.73997104 230 230 140
-6.0 1.8146075 0.9992007 140 240 140
6.0 1.8146075 0.9992007 230 230 140
-6.0 1.8146075 1.2584304 140 240 140
6.0 1.8146075 1.2584304 230 230 140
-6.0 1.8146075 1.51766 140 240 140
6.0 1.8146075 1.51766 230 230 140
-6.0 1.8146075 1.7768897 140 240 140
6.0 1.8146075 1.7768897 230 230 140
-6.0 1.8146075 2.0361192 140 240 140
6.0 1.8146075 2.0361192 230 230 140
-6.0 1.8146075 2.295349 140 240 140
6.0 1.8146075 2.295349 230 230 140
-6.0 1.8146075 2.5545785 140 240 140
6.0 1.8146075 2.5545785 230 230 140
-6.0 1.8146075 2.8138082 140 240 140
6.0 1.8146075 2.8138082 230 230 140
-6.0 1.8146075 3.0730379 140 240 140
6.0 1.8146075 3.0730379 230 230 140
-6.0 1.8146075 3.3322675 140 240 140
6.0 1.8146075 3.3322675 230 230 140
-6.0 1.8146075 3.5914972 140 240 140
6.0 1.8146075 3.5914972 230 230 140
-6.0 1.8146075 3.8507268 140 240 140
6.0 1.8146075 3.8507268 230 230 140
-6.0 1.8146075 4.1099563 140 240 140
6.0 1.8146075 4.1099563 230 230 140
-6.0 1.8146075 4.369186 140 240 140
6.0 1.8146075 4.369186 230 230 140
-6.0 1.8146075 4.6284156 140 240 140
6.0 1.8146075 4.6284156 230 230 140
-6.0 1.8146075 4.8876452 140 240 140
6.0 1.8146075 4.8876452 230 230 140
-6.0 1.8146075 5.146875 140 240 140
6.0 1.8146075 5.146875 230 230 140
-6.0 1.8146075 5.4061046 140 240 140
6.0 1.8146075 5.4061046 230 230 140
-6.0 1.8146075 5.665334 140 240 140
6.0 1.8146075 5.665334 230 230 140
-6.0 1.8146075 5.924564 140 240 140
6.0 1.8146075 5.924564 230 230 140
-6 2.073837 -6.0 140 140 240
-6 2.073837 6.0 240 140 140
-5.7407703 2.073837 -6.0 140 140 240
-5.7407703 2.073837 6.0 240 140 140
-5.4815407 2.073837 -6.0 140 140 240
-5.4815407 2.073837 6.0 240 140 140
-5.222311 2.073837 -6.0 140 140 240
-5.222311 2.073837 6.0 240 140 140
-4.9630814 2.073837 -6.0 140 140 240
-4.9630814 2.073837 6.0 240 140 140
-4.7038517 2.073837 -6.0 140 140 240
-4.7038517 2.073837 6.0 240 140 140
-4.444622 2.073837 -6.0 140 140 240
-4.444622 2.073837 6.0 240 140 140
-4.1853924 2.073837 -6.0 140 140 240
-4.1853924 2.073837 6.0 240 140 140
-3.9261627 2.073837 -6.0 140 140 240
-3.9261627 2.073837 6.0 240 140 140
-3.666933 2.073837 -6.0 140 140 240
-3.666933 2.073837 6.0 240 140 140
-3.4077034 2.073837 -6.0 140 140 240
-3.4077034 2.073837 6.0 240 140 140
-3.1484737 2.073837 -6.0 140 140 240
-3.1484737 2.073837 6.0 240 140 140
-2.889244 2.073837 -6.0 140 140 240
-2.889244 2.073837 6.0 240 140 140
-2.6300144 2.073837 -6.0 140 140 240
-2.6300144 2.073837 6.0 240 140 140
-2.3707848 2.073837 -6.0 140 140 240
-2.3707848 2.073837 6.0 240 140 140
-2.111555 2.073837 -6.0 140 140 240
-2.111555 2.073837 6.0 240 140 140
-1.8523254 2.073837 -6.0 140 140 240
-1.8523254 2.073837 6.0 240 140 140
-1.5930958 2.073837 -6.0 140 140 240
-1.5930958 2.073837 6.0 240 140 140
-1.3338661 2.073837 -6.0 140 140 240
-1.3338661 2.073837 6.0 240 140 140
-1.0746365 2.073837 -6.0 140 140 240
-1.0746365 2.073837 6.0 240 140 140
-0.8154068 2.073837 -6.0 140 140 240
-0.8154068 2.073837 6.0 240 140 140
-0.55617714 2.073837 -6.0 140 140 240
-0.55617714 2.073837 6.0 240 140 140
-0.2969475 2.073837 -6.0 140 140 240
-0.2969475 2.073837 6.0 240 140 140
-0.03771788 2.073837 -6.0 140 140 240
-0.03771788 2.073837 6.0 240 140 140
0.22151175 2.073837 -6.0 140 140 240
0.22151175 2.073837 6.0 240 140 140
0.48074138 2.073837 -6.0 140 140 240
0.48074138 2.073837 6.0 240 140 140
0.73997104 2.073837 -6.0 140 140 240
0.73997104 2.073837 6.0 240 140 140
0.9992007 2.073837 -6.0 140 140 240
0.9992007 2.073837 6.0 240 140 140
1.2584304 2.073837 -6.0 140 140 240
1.2584304 2.073837 6.0 240 140 140
1.51766 2.073837 -6.0 140 140 240
1.51766 2.073837 6.0 240 140 140
1.7768897 2.073837 -6.0 140 140 240
1.7768897 2.073837 6.0 240 140 140
2.0361192 2.073837 -6.0 140 140 240
2.0361192 2.073837 6.0 240 140 140
2.295349 2.073837 -6.0 140 140 240
2.295349 2.073837 6.0 240 140 140
2.5545785 2.073837 -6.0 140 140 240
2.5545785 2.073837 6.0 240 140 140
2.8138082 2.073837 -6.0 140 140 240
2.8138082 2.073837 6.0 240 140 140
3.0730379 2.073837 -6.0 140 140 240
3.0730379 2.073837 6.0 240 140 140
3.3322675 2.073837 -6.0 140 140 240
3.3322675 2.073837 6.0 240 140 140
3.5914972 2.073837 -6.0 140 140 240
3.5914972 2.073837 6.0 240 140 140
3.8507268 2.073837 -6.0 140 140 240
3.8507268 2.073837 6.0 240 140 140
4.1099563 2.073837 -6.0 140 140 240
4.1099563 2.073837 6.0 240 140 140
4.369186 2.073837 -6.0 140 140 240
4.369186 2.073837 6.0 240 140 140
4.6284156 2.073837 -6.0 140 140 240
4.6284156 2.073837 6.0 240 140 140
4.8876452 2.073837 -6.0 140 140 240
4.8876452 2.073837 6.0 240 140 140
5.146875 2.073837 -6.0 140 140 240
5.146875 2.073837 6.0 240 140 140
5.4061046 2.073837 -6.0 140 140 240
5.4061046 2.073837 6.0 240 140 140
5.665334 2.073837 -6.0 140 140 240
5.665334 2.073837 6.0 240 140 140
5.924564 2.073837 -6.0 140 140 240
5.924564 2.073837 6.0 240 140 140
-6.0 2.073837 -6 140 240 140
6.0 2.073837 -6 230 230 140
-6.0 2.073837 -5.7407703 140 240 140
6.0 2.073837 -5.7407703 230 230 140
-6.0 2.073837 -5.4815407 140 240 140
6.0 2.073837 -5.4815407 230 230 140
-6.0 2.073837 -5.222311 140 240 140
6.0 2.073837 -5.222311 230 230 140
-6.0 2.073837 -4.9630814 140 240 140
6.0 2.073837 -4.9630814 230 230 140
-6.0 2.073837 -4.7038517 140 240 140
6.0 2.073837 -4.7038517 230 230 140
-6.0 2.073837 -4.444622 140 240 140
6.0 2.073837 -4.444622 230 230 140
-6.0 2.073837 -4.1853924 140 240 140
6.0 2.073837 -4.1853924 230 230 140
-6.0 2.073837 -3.9261627 140 240 140
6.0 2.073837 -3.9261627 230 230 140
-6.0 2.073837 -3.666933 140 240 140
6.0 2.073837 -3.666933 230 230 140
-6.0 2.073837 -3.4077034 140 240 140
6.0 2.073837 -3.4077034 230 230 140
-6.0 2.073837 -3.1484737 140 240 140
6.0 2.073837 -3.1484737 230 230 140
-6.0 2.073837 -2.889244 140 240 140
6.0 2.073837 -2.889244 230 230 140
-6.0 2.073837 -2.6300144 140 240 140
6.0 2.073837 -2.6300144 230 230 140
-6.0 2.073837 -2.3707848 140 240 140
6.0 2.073837 -2.3707848 230 230 140
-6.0 2.073837 -2.111555 140 240 140
6.0 2.073837 -2.111555 230 230 140
-6.0 2.073837 -1.8523254 140 240 140
6.0 2.073837 -1.8523254 230 230 140
-6.0 2.073837 -1.5930958 140 240 140
6.0 2.073837 -1.5930958 230 230 140
-6.0 2.073837 -1.3338661 140 240 140
6.0 2.073837 -1.3338661 230 230 140
-6.0 2.073837 -1.0746365 140 240 140
6.0 2.073837 -1.0746365 230 230 140
-6.0 2.073837 -0.8154068 140 240 140
6.0 2.073837 -0.8154068 230 230 140
-6.0 2.073837 -0.55617714 140 240 140
6.0 2.073837 -0.55617714 230 230 140
-6.0 2.073837 -0.2969475 140 240 140
6.0 2.073837 -0.2969475 230 230 140
-6.0 2.073837 -0.03771788 140 240 140
6.0 2.073837 -0.03771788 230 230 140
-6.0 2.073837 0.22151175 140 240 140
6.0 2.073837 0.22151175 230 230 140
-6.0 2.073837 0.48074138 140 240 140
6.0 2.073837 0.48074138 230 230 140
-6.0 2.073837 0.73997104 140 240 140
6.0 2.073837 0.73997104 230 230 140
-6.0 2.073837 0.9992007 140 240 140
6.0 2.073837 0.9992007 230 230 140
-6.0 2.073837 1.2584304 140 240 140
6.0 2.073837 1.2584304 230 230 140
-6.0 2.073837 1.51766 140 240 140
6.0 2.073837 1.51766 230 230 140
-6.0 2.073837 1.7768897 140 240 140
6.0 2.073837 1.7768897 230 230 140
-6.0 2.073837 2.0361192 140 240 140
6.0 2.073837 2.0361192 230 230 140
-6.0 2.073837 2.295349 140 240 140
6.0 2.073837 2.295349 230 230 140
-6.0 2.073837 2.5545785 140 240 140
6.0 2.073837 2.5545785 230 230 140
-6.0 2.073837 2.8138082 140 240 140
6.0 2.073837 2.8138082 230 230 140
-6.0 2.073837 3.0730379 140 240 140
6.0 2.073837 3.0730379 230 230 140
-6.0 2.073837 3.3322675 140 240 140
6.0 2.073837 3.3322675 230 230 140
-6.0 2.073837 3.5914972 140 240 140
6.0 2.073837 3.5914972 230 230 140
-6.0 2.073837 3.8507268 140 240 140
6.0 2.073837 3.8507268 230 230 140
-6.0 2.073837 4.1099563 140 240 140
6.0 2.073837 4.1099563 230 230 140
-6.0 2.073837 4.369186 140 240 140
6.0 2.073837 4.369186 230 230 140
-6.0 2.073837 4.6284156 140 240 140
6.0 2.073837 4.6284156 230 230 140
-6.0 2.073837 4.8876452 140 240 140
6.0 2.073837 4.8876452 230 230 140
-6.0 2.073837 5.146875 140 240 140
6.0 2.073837 5.146875 230 230 140
-6.0 2.073837 5.4061046 140 240 140
6.0 2.073837 5.4061046 230 230 140
-6.0 2.073837 5.665334 140 240 140
6.0 2.073837 5.665334 230 230 140
-6.0 2.073837 5.924564 140 240 140
6.0 2.073837 5.924564 230 230 140
-6 2.3330667 -6.0 140 140 240
-6 2.3330667 6.0 240 140 140
-5.7407703 2.3330667 -6.0 140 140 240
-5.7407703 2.3330667 6.0 240 140 140
-5.4815407 2.3330667 -6.0 140 140 240
-5.4815407 2.3330667 6.0 240 140 140
-5.222311 2.3330667 -6.0 140 140 240
-5.222311 2.3330667 6.0 240 140 140
-4.9630814 2.3330667 -6.0 140 140 240
-4.9630814 2.3330667 6.0 240 140 140
-4.7038517 2.3330667 -6.0 140 140 240
-4.7038517 2.3330667 6.0 240 140 140
-4.444622 2.3330667 -6.0 140 140 240
-4.444622 2.3330667 6.0 240 140 140
-4.1853924 2.3330667 -6.0 140 140 240
-4.1853924 2.3330667 6.0 240 140 140
-3.9261627 2.3330667 -6.0 140 140 240
-3.9261627 2.3330667 6.0 240 140 140
-3.666933 2.3330667 -6.0 140 140 240
-3.666933 2.3330667 6.0 240 140 140
-3.4077034 2.3330667 -6.0 140 140 240
-3.4077034 2.3330667 6.0 240 140 140
-3.1484737 2.3330667 -6.0 140 140 240
-3.1484737 2.3330667 6.0 240 140 140
-2.889244 2.3330667 -6.0 140 140 240
-2.889244 2.3330667 6.0 240 140 140
-2.6300144 2.3330667 -6.0 140 140 240
-2.6300144 2.3330667 6.0 240 140 140
-2.3707848 2.3330667 -6.0 140 140 240
-2.3707848 2.3330667 6.0 240 140 140
-2.111555 2.3330667 -6.0 140 140 240
-2.111555 2.3330667 6.0 240 140 140
-1.8523254 2.3330667 -6.0 140 140 240
-1.8523254 2.3330667 6.0 240 140 140
-1.5930958 2.3330667 -6.0 140 140 240
-1.5930958 2.3330667 6.0 240 140 140
-1.3338661 2.3330667 -6.0 140 140 240
-1.3338661 2.3330667 6.0 240 140 140
-1.0746365 2.3330667 -6.0 140 140 240
-1.0746365 2.3330667 6.0 240 140 140
-0.8154068 2.3330667 -6.0 140 140 240
-0.8154068 2.3330667 6.0 240 140 140
-0.55617714 2.3330667 -6.0 140 140 240
-0.55617714 2.3330667 6.0 240 140 140
-0.2969475 2.3330667 -6.0 140 140 240
-0.2969475 2.3330667 6.0 240 140 140
-0.03771788 2.3330667 -6.0 140 140 240
-0.03771788 2.3330667 6.0 240 140 140
0.22151175 2.3330667 -6.0 140 140 240
0.22151175 2.3330667 6.0 240 140 140
0.48074138 2.3330667 -6.0 140 140 240
0.48074138 2.3330667 6.0 240 140 140
0.73997104 2.3330667 -6.0 140 140 240
0.73997104 2.3330667 6.0 240 140 140
0.9992007 2.3330667 -6.0 140 140 240
0.9992007 2.3330667 6.0 240 140 140
1.2584304 2.3330667 -6.0 140 140 240
1.2584304 2.3330667 6.0 240 140 140
1.51766 2.3330667 -6.0 140 140 240
1.51766 2.3330667 6.0 240 140 140
1.7768897 2.3330667 -6.0 140 140 240
1.7768897 2.3330667 6.0 240 140 140
2.0361192 2.3330667 -6.0 140 140 240
2.0361192 2.3330667 6.0 240 140 140
2.295349 2.3330667 -6.0 140 140 240
2.295349 2.3330667 6.0 240 140 140
2.5545785 2.3330667 -6.0 140 140 240
2.5545785 2.3330667 6.0 240 140 140
2.8138082 2.3330667 -6.0 140 140 240
2.8138082 2.3330667 6.0 240 140 140
3.0730379 2.3330667 -6.0 140 140 240
3.0730379 2.3330667 6.0 240 140 140
3.3322675 2.3330667 -6.0 140 140 240
3.3322675 2.3330667 6.0 240 140 140
3.5914972 2.3330667 -6.0 140 140 240
3.5914972 2.3330667 6.0 240 140 140
3.8507268 2.3330667 -6.0 140 140 240
3.8507268 2.3330667 6.0 240 140 140
4.1099563 2.3330667 -6.0 140 140 240
4.1099563 2.3330667 6.0 240 140 140
4.369186 2.3330667 -6.0 140 140 240
4.369186 2.3330667 6.0 240 140 140
4.6284156 2.3330667 -6.0 140 140 240
4.6284156 2.3330667 6.0 240 140 140
4.8876452 2.3330667 -6.0 140 140 240
4.8876452 2.3330667 6.0 240 140 140
5.146875 2.3330667 -6.0 140 140 240
5.146875 2.3330667 6.0 240 140 140
5.4061046 2.3330667 -6.0 140 140 240
5.4061046 2.3330667 6.0 240 140 140
5.665334 2.3330667 -6.0 140 140 240
5.665334 2.3330667 6.0 240 140 140
5.924564 2.3330667 -6.0 140 140 240
5.924564 2.3330667 6.0 240 140 140
-6.0 2.3330667 -6 140 240 140
6.0 2.3330667 -6 230 230 140
-6.0 2.3330667 -5.7407703 140 240 140
6.0 2.3330667 -5.7407703 230 230 140
-6.0 2.3330667 -5.4815407 140 240 140
6.0 2.3330667 -5.4815407 230 230 140
-6.0 2.3330667 -5.222311 140 240 140
6.0 2.3330667 -5.222311 230 230 140
-6.0 2.3330667 -4.9630814 140 240 140
6.0 2.3330667 -4.9630814 230 230 140
-6.0 2.3330667 -4.7038517 140 240 140
6.0 2.3330667 -4.7038517 230 230 140
-6.0 2.3330667 -4.444622 140 240 140
6.0 2.3330667 -4.444622 230 230 140
-6.0 2.3330667 -4.1853924 140 240 140
6.0 2.3330667 -4.1853924 230 230 140
-6.0 2.3330667 -3.9261627 140 240 140
6.0 2.3330667 -3.9261627 230 230 140
-6.0 2.3330667 -3.666933 140 240 140
6.0 2.3330667 -3.666933 230 230 140
-6.0 2.3330667 -3.4077034 140 240 140
6.0 2.3330667 -3.4077034 230 230 140
-6.0 2.3330667 -3.1484737 140 240 140
6.0 2.3330667 -3.1484737 230 230 140
-6.0 2.3330667 -2.889244 140 240 140
6.0 2.3330667 -2.889244 230 230 140
-6.0 2.3330667 -2.6300144 140 240 140
6.0 2.3330667 -2.6300144 230 230 140
-6.0 2.3330667 -2.3707848 140 240 140
6.0 2.3330667 -2.3707848 230 230 140
-6.0 2.3330667 -2.111555 140 240 140
6.0 2.3330667 -2.111555 230 230 140
-6.0 2.3330667 -1.8523254 140 240 140
6.0 2.3330667 -1.8523254 230 230 140
-6.0 2.3330667 -1.5930958 140 240 140
6.0 2.3330667 -1.5930958 230 230 140
-6.0 2.3330667 -1.3338661 140 240 140
6.0 2.3330667 -1.3338661 230 230 140
-6.0 2.3330667 -1.0746365 140 240 140
6.0 2.3330667 -1.0746365 230 230 140
-6.0 2.3330667 -0.8154068 140 240 140
6.0 2.3330667 -0.8154068 230 230 140
-6.0 2.3330667 -0.55617714 140 240 140
6.0 2.3330667 -0.55617714 230 230 140
-6.0 2.3330667 -0.2969475 140 240 140
6.0 2.3330667 -0.2969475 230 230 140
-6.0 2.3330667 -0.03771788 140 240 140
6.0 2.3330667 -0.03771788 230 230 140
-6.0 2.3330667 0.22151175 140 240 140
6.0 2.3330667 0.22151175 230 230 140
-6.0 2.3330667 0.48074138 140 240 140
6.0 2.3330667 0.48074138 230 230 140
-6.0 2.3330667 0.73997104 140 240 140
6.0 2.3330667 0.73997104 230 230 140
-6.0 2.3330667 0.9992007 140 240 140
6.0 2.3330667 0.9992007 230 230 140
-6.0 2.3330667 1.2584304 140 240 140
6.0 2.3330667 1.2584304 230 230 140
-6.0 2.3330667 1.51766 140 240 140
6.0 2.3330667 1.51766 230 230 140
-6.0 2.3330667 1.7768897 140 240 140
6.0 2.3330667 1.7768897 230 230 140
-6.0 2.3330667 2.0361192 140 240 140
6.0 2.3330667 2.0361192 230 230 140
-6.0 2.3330667 2.295349 140 240 140
6.0 2.3330667 2.295349 230 230 140
-6.0 2.3330667 2.5545785 140 240 140
6.0 2.3330667 2.5545785 230 230 140
-6.0 2.3330667 2.8138082 140 240 140
6.0 2.3330667 2.8138082 230 230 140
-6.0 2.3330667 3.0730379 140 240 140
6.0 2.3330667 3.0730379 230 230 140
-6.0 2.3330667 3.3322675 140 240 140
6.0 2.3330667 3.3322675 230 230 140
-6.0 2.3330667 3.5914972 140 240 140
6.0 2.3330667 3.5914972 230 230 140
-6.0 2.3330667 3.8507268 140 240 140
6.0 2.3330667 3.8507268 230 230 140
-6.0 2.3330667 4.1099563 140 240 140
6.0 2.3330667 4.1099563 230 230 140
-6.0 2.3330667 4.369186 140 240 140
6.0 2.3330667 4.369186 230 230 140
-6.0 2.3330667 4.6284156 140 240 140
6.0 2.3330667 4.6284156 230 230 140
-6.0 2.3330667 4.8876452 140 240 140
6.0 2.3330667 4.8876452 230 230 140
-6.0 2.3330667 5.146875 140 240 140
6.0 2.3330667 5.146875 230 230 140
-6.0 2.3330667 5.4061046 140 240 140
6.0 2.3330667 5.4061046 230 230 140
-6.0 2.3330667 5.665334 140 240 140
6.0 2.3330667 5.665334 230 230 140
-6.0 2.3330667 5.924564 140 240 140
6.0 2.3330667 5.924564 230 230 140
-6 2.5922964 -6.0 140 140 240
-6 2.5922964 6.0 240 140 140
-5.7407703 2.5922964 -6.0 140 140 240
-5.7407703 2.5922964 6.0 240 140 140
-5.4815407 2.5922964 -6.0 140 140 240
-5.4815407 2.5922964 6.0 240 140 140
-5.222311 2.5922964 -6.0 140 140 240
-5.222311 2.5922964 6.0 240 140 140
-4.9630814 2.5922964 -6.0 140 140 240
-4.9630814 2.5922964 6.0 240 140 140
-4.7038517 2.5922964 -6.0 140 140 240
-4.7038517 2.5922964 6.0 240 140 140
-4.444622 2.5922964 -6.0 140 140 240
-4.444622 2.5922964 6.0 240 140 140
-4.1853924 2.5922964 -6.0 140 140 240
-4.1853924 2.5922964 6.0 240 140 140
-3.9261627 2.5922964 -6.0 140 140 240
-3.9261627 2.5922964 6.0 240 140 140
-3.666933 2.5922964 -6.0 140 140 240
-3.666933 2.5922964 6.0 240 140 140
-3.4077034 2.5922964 -6.0 140 140 240
-3.4077034 2.5922964 6.0 240 140 140
-3.1484737 2.5922964 -6.0 140 140 240
-3.1484737 2.5922964 6.0 240 140 140
-2.889244 2.5922964 -6.0 140 140 240
-2.889244 2.5922964 6.0 240 140 140
-2.6300144 2.5922964 -6.0 140 140 240
-2.6300144 2.5922964 6.0 240 140 140
-2.3707848 2.5922964 -6.0 140 140 240
-2.3707848 2.5922964 6.0 240 140 140
-2.111555 2.5922964 -6.0 140 140 240
-2.111555 2.5922964 6.0 240 140 140
-1.8523254 2.5922964 -6.0 140 140 240
-1.8523254 2.5922964 6.0 240 140 140
-1.5930958 2.5922964 -6.0 140 140 240
-1.5930958 2.5922964 6.0 240 140 140
-1.3338661 2.5922964 -6.0 140 140 240
-1.3338661 2.5922964 6.0 240 140 140
-1.0746365 2.5922964 -6.0 140 140 240
-1.0746365 2.5922964 6.0 240 140 140
-0.8154068 2.5922964 -6.0 140 140 240
-0.8154068 2.5922964 6.0 240 140 140
-0.55617714 2.5922964 -6.0 140 140 240
-0.55617714 2.5922964 6.0 240 140 140
-0.2969475 2.5922964 -6.0 140 140 240
-0.2969475 2.5922964 6.0 240 140 140
-0.03771788 2.5922964 -6.0 140 140 240
-0.03771788 2.5922964 6.0 240 140 140
0.22151175 2.5922964 -6.0 140 140 240
0.22151175 2.5922964 6.0 240 140 140
0.48074138 2.5922964 -6.0 140 140 240
0.48074138 2.5922964 6.0 240 140 140
0.73997104 2.5922964 -6.0 140 140 240
0.73997104 2.5922964 6.0 240 140 140
0.9992007 2.5922964 -6.0 140 140 240
0.9992007 2.5922964 6.0 240 140 140
1.2584304 2.5922964 -6.0 140 140 240
1.2584304 2.5922964 6.0 240 140 140
1.51766 2.5922964 -6.0 140 140 240
1.51766 2.5922964 6.0 240 140 140
1.7768897 2.5922964 -6.0 140 140 240
1.7768897 2.5922964 6.0 240 140 140
2.0361192 2.5922964 -6.0 140 140 240
2.0361192 2.5922964 6.0 240 140 140
2.295349 2.5922964 -6.0 140 140 240
2.295349 2.5922964 6.0 240 140 140
2.5545785 2.5922964 -6.0 140 140 240
2.5545785 2.5922964 6.0 240 140 140
2.8138082 2.5922964 -6.0 140 140 240
2.8138082 2.5922964 6.0 240 140 140
3.0730379 2.5922964 -6.0 140 140 240
3.0730379 2.5922964 6.0 240 140 140
3.3322675 2.5922964 -6.0 140 140 240
3.3322675 2.5922964 6.0 240 140 140
3.5914972 2.5922964 -6.0 140 140 240
3.5914972 2.5922964 6.0 240 140 140
3.8507268 2.5922964 -6.0 140 140 240
3.8507268 2.5922964 6.0 240 140 140
4.1099563 2.5922964 -6.0 140 140 240
4.1099563 2.5922964 6.0 240 140 140
4.369186 2.5922964 -6.0 140 140 240
4.369186 2.5922964 6.0 240 140 140
4.6284156 2.5922964 -6.0 140 140 240
4.6284156 2.5922964 6.0 240 140 140
4.8876452 2.5922964 -6.0 140 140 240
4.8876452 2.5922964 6.0 240 140 140
5.146875 2.5922964 -6.0 140 140 240
5.146875 2.5922964 6.0 240 140 140
5.4061046 2.5922964 -6.0 140 140 240
5.4061046 2.5922964 6.0 240 140 140
5.665334 2.5922964 -6.0 140 140 240
5.665334 2.5922964 6.0 240 140 140
5.924564 2.5922964 -6.0 140 140 240
5.924564 2.5922964 6.0 240 140 140
-6.0 2.5922964 -6 140 240 140
6.0 2.5922964 -6 230 230 140
-6.0 2.5922964 -5.7407703 140 240 140
6.0 2.5922964 -5.7407703 230 230 140
-6.0 2.5922964 -5.4815407 140 240 140
6.0 2.5922964 -5.4815407 230 230 140
-6.0 2.5922964 -5.222311 140 240 140
6.0 2.5922964 -5.222311 230 230 140
-6.0 2.5922964 -4.9630814 140 240 140
6.0 2.5922964 -4.9630814 230 230 140
-6.0 2.5922964 -4.7038517 140 240 140
6.0 2.5922964 -4.7038517 230 230 140
-6.0 2.5922964 -4.444622 140 240 140
6.0 2.5922964 -4.444622 230 230 140
-6.0 2.5922964 -4.1853924 140 240 140
6.0 2.5922964 -4.1853924 230 230 140
-6.0 2.5922964 -3.9261627 140 240 140
6.0 2.5922964 -3.9261627 230 230 140
-6.0 2.5922964 -3.666933 140 240 140
6.0 2.5922964 -3.666933 230 230 140
-6.0 2.5922964 -3.4077034 140 240 140
6.0 2.5922964 -3.4077034 230 230 140
-6.0 2.5922964 -3.1484737 140 240 140
6.0 2.5922964 -3.1484737 230 230 140
-6.0 2.5922964 -2.889244 140 240 140
6.0 2.5922964 -2.889244 230 230 140
-6.0 2.5922964 -2.6300144 140 240 140
6.0 2.5922964 -2.6300144 230 230 140
-6.0 2.5922964 -2.3707848 140 240 140
6.0 2.5922964 -2.3707848 230 230 140
-6.0 2.5922964 -2.111555 140 240 140
6.0 2.5922964 -2.111555 230 230 140
-6.0 2.5922964 -1.8523254 140 240 140
6.0 2.5922964 -1.8523254 230 230 140
-6.0 2.5922964 -1.5930958 140 240 140
6.0 2.5922964 -1.5930958 230 230 140
-6.0 2.5922964 -1.3338661 140 240 140
6.0 2.5922964 -1.3338661 230 230 140
-6.0 2.5922964 -1.0746365 140 240 140
6.0 2.5922964 -1.0746365 230 230 140
-6.0 2.5922964 -0.8154068 140 240 140
6.0 2.5922964 -0.8154068 230 230 140
-6.0 2.5922964 -0.55617714 140 240 140
6.0 2.5922964 -0.55617714 230 230 140
-6.0 2.5922964 -0.2969475 140 240 140
6.0 2.5922964 -0.2969475 230 230 140
-6.0 2.5922964 -0.03771788 140 240 140
6.0 2.5922964 -0.03771788 230 230 140
-6.0 2.5922964 0.22151175 140 240 140
6.0 2.5922964 0.22151175 230 230 140
-6.0 2.5922964 0.48074138 140 240 140
6.0 2.5922964 0.48074138 230 230 140
-6.0 2.5922964 0.73997104 140 240 140
6.0 2.5922964 0.73997104 230 230 140
-6.0 2.5922964 0.9992007 140 240 140
6.0 2.5922964 0.9992007 230 230 140
-6.0 2.5922964 1.2584304 140 240 140
6.0 2.5922964 1.2584304 230 230 140
-6.0 2.5922964 1.51766 140 240 140
6.0 2.5922964 1.51766 230 230 140
-6.0 2.5922964 1.7768897 140 240 140
6.0 2.5922964 1.7768897 230 230 140
-6.0 2.5922964 2.0361192 140 240 140
6.0 2.5922964 2.0361192 230 230 140
-6.0 2.5922964 2.295349 140 240 140
6.0 2.5922964 2.295349 230 230 140
-6.0 2.5922964 2.5545785 140 240 140
6.0 2.5922964 2.5545785 230 230 140
-6.0 2.5922964 2.8138082 140 240 140
6.0 2.5922964 2.8138082 230 230 140
-6.0 2.5922964 3.0730379 140 240 140
6.0 2.5922964 3.0730379 230 230 140
-6.0 2.5922964 3.3322675 140 240 140
6.0 2.5922964 3.3322675 230 230 140
-6.0 2.5922964 3.5914972 140 240 140
6.0 2.5922964 3.5914972 230 230 140
-6.0 2.5922964 3.8507268 140 240 140
6.0 2.5922964 3.8507268 230 230 140
-6.0 2.5922964 4.1099563 140 240 140
6.0 2.5922964 4.1099563 230 230 140
-6.0 2.5922964 4.369186 140 240 140
6.0 2.5922964 4.369186 230 230 140
-6.0 2.5922964 4.6284156 140 240 140
6.0 2.5922964 4.6284156 230 230 140
-6.0 2.5922964 4.8876452 140 240 140
6.0 2.5922964 4.8876452 230 230 140
-6.0 2.5922964 5.146875 140 240 140
6.0 2.5922964 5.146875 230 230 140
-6.0 2.5922964 5.4061046 140 240 140
6.0 2.5922964 5.4061046 230 230 140
-6.0 2.5922964 5.665334 140 240 140
6.0 2.5922964 5.665334 230 230 140
-6.0 2.5922964 5.924564 140 240 140
6.0 2.5922964 5.924564 230 230 140
-6 2.851526 -6.0 140 140 240
-6 2.851526 6.0 240 140 140
-5.7407703 2.851526 -6.0 140 140 240
-5.7407703 2.851526 6.0 240 140 140
-5.4815407 2.851526 -6.0 140 140 240
-5.4815407 2.851526 6.0 240 140 140
-5.222311 2.851526 -6.0 140 140 240
-5.222311 2.851526 6.0 240 140 140
-4.9630814 2.851526 -6.0 140 140 240
-4.9630814 2.851526 6.0 240 140 140
-4.7038517 2.851526 -6.0 140 140 240
-4.7038517 2.851526 6.0 240 140 140
-4.444622 2.851526 -6.0 140 140 240
-4.444622 2.851526 6.0 240 140 140
-4.1853924 2.851526 -6.0 140 140 240
-4.1853924 2.851526 6.0 240 140 140
-3.9261627 2.851526 -6.0 140 140 240
-3.9261627 2.851526 6.0 240 140 140
-3.666933 2.851526 -6.0 140 140 240
-3.666933 2.851526 6.0 240 140 140
-3.4077034 2.851526 -6.0 140 140 240
-3.4077034 2.851526 6.0 240 140 140
-3.1484737 2.851526 -6.0 140 140 240
-3.1484737 2.851526 6.0 240 140 140
-2.889244 2.851526 -6.0 140 140 240
-2.889244 2.851526 6.0 240 140 140
-2.6300144 2.851526 -6.0 140 140 240
-2.6300144 2.851526 6.0 240 140 140
-2.3707848 2.851526 -6.0 140 140 240
-2.3707848 2.851526 6.0 240 140 140
-2.111555 2.851526 -6.0 140 140 240
-2.111555 2.851526 6.0 240 140 140
-1.8523254 2.851526 -6.0 140 140 240
-1.8523254 2.851526 6.0 240 140 140
-1.5930958 2.851526 -6.0 140 140 240
-1.5930958 2.851526 6.0 240 140 140
-1.3338661 2.851526 -6.0 140 140 240
-1.3338661 2.851526 6.0 240 140 140
-1.0746365 2.851526 -6.0 140 140 240
-1.0746365 2.851526 6.0 240 140 140
-0.8154068 2.851526 -6.0 140 140 240
-0.8154068 2.851526 6.0 240 140 140
-0.55617714 2.851526 -6.0 140 140 240
-0.55617714 2.851526 6.0 240 140 140
-0.2969475 2.851526 -6.0 140 140 240
-0.2969475 2.851526 6.0 240 140 140
-0.03771788 2.851526 -6.0 140 140 240
-0.03771788 2.851526 6.0 240 140 140
0.22151175 2.851526 -6.0 140 140 240
0.22151175 2.851526 6.0 240 140 140
0.48074138 2.851526 -6.0 140 140 240
0.48074138 2.851526 6.0 240 140 140
0.73997104 2.851526 -6.0 140 140 240
0.73997104 2.851526 6.0 240 140 140
0.9992007 2.851526 -6.0 140 140 240
0.9992007 2.851526 6.0 240 140 140
1.2584304 2.851526 -6.0 140 140 240
1.2584304 2.851526 6.0 240 140 140
1.51766 2.851526 -6.0 140 140 240
1.51766 2.851526 6.0 240 140 140
1.7768897 2.851526 -6.0 140 140 240
1.7768897 2.851526 6.0 240 140 140
2.0361192 2.851526 -6.0 140 140 240
2.0361192 2.851526 6.0 240 140 140
2.295349 2.851526 -6.0 140 140 240
2.295349 2.851526 6.0 240 140 140
2.5545785 2.851526 -6.0 140 140 240
2.5545785 2.851526 6.0 240 140 140
2.8138082 2.851526 -6.0 140 140 240
2.8138082 2.851526 6.0 240 140 140
3.0730379 2.851526 -6.0 140 140 240
3.0730379 2.851526 6.0 240 140 140
3.3322675 2.851526 -6.0 140 140 240
3.3322675 2.851526 6.0 240 140 140
3.5914972 2.851526 -6.0 140 140 240
3.5914972 2.851526 6.0 240 140 140
3.8507268 2.851526 -6.0 140 140 240
3.8507268 2.851526 6.0 240 140 140
4.1099563 2.851526 -6.0 140 140 240
4.1099563 2.851526 6.0 240 140 140
4.369186 2.851526 -6.0 140 140 240
4.369186 2.851526 6.0 240 140 140
4.6284156 2.851526 -6.0 140 140 240
4.6284156 2.851526 6.0 240 140 140
4.8876452 2.851526 -6.0 140 140 240
4.8876452 2.851526 6.0 240 140 140
5.146875 2.851526 -6.0 140 140 240
5.146875 2.851526 6.0 240 140 140
5.4061046 2.851526 -6.0 140 140 240
5.4061046 2.851526 6.0 240 140 140
5.665334 2.851526 -6.0 140 140 240
5.665334 2.851526 6.0 240 140 140
5.924564 2.851526 -6.0 140 140 240
5.924564 2.851526 6.0 240 140 140
-6.0 2.851526 -6 140 240 140
6.0 2.851526 -6 230 230 140
-6.0 2.851526 -5.7407703 140 240 140
6.0 2.851526 -5.7407703 230 230 140
-6.0 2.851526 -5.4815407 140 240 140
6.0 2.851526 -5.4815407 230 230 140
-6.0 2.851526 -5.222311 140 240 140
6.0 2.851526 -5.222311 230 230 140
-6.0 2.851526 -4.9630814 140 240 140
6.0 2.851526 -4.9630814 230 230 140
-6.0 2.851526 -4.7038517 140 240 140
6.0 2.851526 -4.7038517 230 230 140
-6.0 2.851526 -4.444622 140 240 140
6.0 2.851526 -4.444622 230 230 140
-6.0 2.851526 -4.1853924 140 240 140
6.0 2.851526 -4.1853924 230 230 140
-6.0 2.851526 -3.9261627 140 240 140
6.0 2.851526 -3.9261627 230 230 140
-6.0 2.851526 -3.666933 140 240 140
6.0 2.851526 -3.666933 230 230 140
-6.0 2.851526 -3.4077034 140 240 140
6.0 2.851526 -3.4077034 230 230 140
-6.0 2.851526 -3.1484737 140 240 140
6.0 2.851526 -3.1484737 230 230 140
-6.0 2.851526 -2.889244 140 240 140
6.0 2.851526 -2.889244 230 230 140
-6.0 2.851526 -2.6300144 140 240 140
6.0 2.851526 -2.6300144 230 230 140
-6.0 2.851526 -2.3707848 140 240 140
6.0 2.851526 -2.3707848 230 230 140
-6.0 2.851526 -2.111555 140 240 140
6.0 2.851526 -2.111555 230 230 140
-6.0 2.851526 -1.8523254 140 240 140
6.0 2.851526 -1.8523254 230 230 140
-6.0 2.851526 -1.5930958 140 240 140
6.0 2.851526 -1.5930958 230 230 140
-6.0 2.851526 -1.3338661 140 240 140
6.0 2.851526 -1.3338661 230 230 140
-6.0 2.851526 -1.0746365 140 240 140
6.0 2.851526 -1.0746365 230 230 140
-6.0 2.851526 -0.8154068 140 240 140
6.0 2.851526 -0.8154068 230 230 140
-6.0 2.851526 -0.55617714 140 240 140
6.0 2.851526 -0.55617714 230 230 140
-6.0 2.851526 -0.2969475 140 240 140
6.0 2.851526 -0.2969475 230 230 140
-6.0 2.851526 -0.03771788 140 240 140
6.0 2.851526 -0.03771788 230 230 140
-6.0 2.851526 0.22151175 140 240 140
6.0 2.851526 0.22151175 230 230 140
-6.0 2.851526 0.48074138 140 240 140
6.0 2.851526 0.48074138 230 230 140
-6.0 2.851526 0.73997104 140 240 140
6.0 2.851526 0.73997104 230 230 140
-6.0 2.851526 0.9992007 140 240 140
6.0 2.851526 0.9992007 230 230 140
-6.0 2.851526 1.2584304 140 240 140
6.0 2.851526 1.2584304 230 230 140
-6.0 2.851526 1.51766 140 240 140
6.0 2.851526 1.51766 230 230 140
-6.0 2.851526 1.7768897 140 240 140
6.0 2.851526 1.7768897 230 230 140
-6.0 2.851526 2.0361192 140 240 140
6.0 2.851526 2.0361192 230 230 140
-6.0 2.851526 2.295349 140 240 140
6.0 2.851526 2.295349 230 230 140
-6.0 2.851526 2.5545785 140 240 140
6.0 2.851526 2.5545785 230 230 140
-6.0 2.851526 2.8138082 140 240 140
6.0 2.851526 2.8138082 230 230 140
-6.0 2.851526 3.0730379 140 240 140
6.0 2.851526 3.0730379 230 230 140
-6.0 2.851526 3.3322675 140 240 140
6.0 2.851526 3.3322675 230 230 140
-6.0 2.851526 3.5914972 140 240 140
6.0 2.851526 3.5914972 230 230 140
-6.0 2.851526 3.8507268 140 240 140
6.0 2.851526 3.8507268 230 230 140
-6.0 2.851526 4.1099563 140 240 140
6.0 2.851526 4.1099563 230 230 140
-6.0 2.851526 4.369186 140 240 140
6.0 2.851526 4.369186 230 230 140
-6.0 2.851526 4.6284156 140 240 140
6.0 2.851526 4.6284156 230 230 140
-6.0 2.851526 4.8876452 140 240 140
6.0 2.851526 4.8876452 230 230 140
-6.0 2.851526 5.146875 140 240 140
6.0 2.851526 5.146875 230 230 140
-6.0 2.851526 5.4061046 140 240 140
6.0 2.851526 5.4061046 230 230 140
-6.0 2.851526 5.665334 140 240 140
6.0 2.851526 5.665334 230 230 140
-6.0 2.851526 5.924564 140 240 140
6.0 2.851526 5.924564 230 230 140
-6 3.1107557 -6.0 140 140 240
-6 3.1107557 6.0 240 140 140
-5.7407703 3.1107557 -6.0 140 140 240
-5.7407703 3.1107557 6.0 240 140 140
-5.4815407 3.1107557 -6.0 140 140 240
-5.4815407 3.1107557 6.0 240 140 140
-5.222311 3.1107557 -6.0 140 140 240
-5.222311 3.1107557 6.0 240 140 140
-4.9630814 3.1107557 -6.0 140 140 240
-4.9630814 3.1107557 6.0 240 140 140
-4.7038517 3.1107557 -6.0 140 140 240
-4.7038517 3.1107557 6.0 240 140 140
-4.444622 3.1107557 -6.0 140 140 240
-4.444622 3.1107557 6.0 240 140 140
-4.1853924 3.1107557 -6.0 140 140 240
-4.1853924 3.1107557 6.0 240 140 140
-3.9261627 3.1107557 -6.0 140 140 240
-3.9261627 3.1107557 6.0 240 140 140
-3.666933 3.1107557 -6.0 140 140 240
-3.666933 3.1107557 6.0 240 140 140
-3.4077034 3.1107557 -6.0 140 140 240
-3.4077034 3.1107557 6.0 240 140 140
-3.1484737 3.1107557 -6.0 140 140 240
-3.1484737 3.1107557 6.0 240 140 140
-2.889244 3.1107557 -6.0 140 140 240
-2.889244 3.1107557 6.0 240 140 140
-2.6300144 3.1107557 -6.0 140 140 240
-2.6300144 3.1107557 6.0 240 140 140
-2.3707848 3.1107557 -6.0 140 140 240
-2.3707848 3.1107557 6.0 240 140 140
-2.111555 3.1107557 -6.0 140 140 240
-2.111555 3.1107557 6.0 240 140 140
-1.8523254 3.1107557 -6.0 140 140 240
-1.8523254 3.1107557 6.0 240 140 140
-1.5930958 3.1107557 -6.0 140 140 240
-1.5930958 3.1107557 6.0 240 140 140
-1.3338661 3.1107557 -6.0 140 140 240
-1.3338661 3.1107557 6.0 240 140 140
-1.0746365 3.1107557 -6.0 140 140 240
-1.0746365 3.1107557 6.0 240 140 140
-0.8154068 3.1107557 -6.0 140 140 240
-0.8154068 3.1107557 6.0 240 140 140
-0.55617714 3.1107557 -6.0 140 140 240
-0.55617714 3.1107557 6.0 240 140 140
-0.2969475 3.1107557 -6.0 140 140 240
-0.2969475 3.1107557 6.0 240 140 140
-0.03771788 3.1107557 -6.0 140 140 240
-0.03771788 3.1107557 6.0 240 140 140
0.22151175 3.1107557 -6.0 140 140 240
0.22151175 3.1107557 6.0 240 140 140
0.48074138 3.1107557 -6.0 140 140 240
0.48074138 3.1107557 6.0 240 140 140
0.73997104 3.1107557 -6.0 140 140 240
0.73997104 3.1107557 6.0 240 140 140
0.9992007 3.1107557 -6.0 140 140 240
0.9992007 3.1107557 6.0 240 140 140
1.2584304 3.1107557 -6.0 140 140 240
1.2584304 3.1107557 6.0 240 140 140
1.51766 3.1107557 -6.0 140 140 240
1.51766 3.1107557 6.0 240 140 140
1.7768897 3.1107557 -6.0 140 140 240
1.7768897 3.1107557 6.0 240 140 140
2.0361192 3.1107557 -6.0 140 140 240
2.0361192 3.1107557 6.0 240 140 140
2.295349 3.1107557 -6.0 140 140 240
2.295349 3.1107557 6.0 240 140 140
2.5545785 3.1107557 -6.0 140 140 240
2.5545785 3.1107557 6.0 240 140 140
2.8138082 3.1107557 -6.0 140 140 240
2.8138082 3.1107557 6.0 240 140 140
3.0730379 3.1107557 -6.0 140 140 240
3.0730379 3.1107557 6.0 240 140 140
3.3322675 3.1107557 -6.0 140 140 240
3.3322675 3.1107557 6.0 240 140 140
3.5914972 3.1107557 -6.0 140 140 240
3.5914972 3.1107557 6.0 240 140 140
3.8507268 3.1107557 -6.0 140 140 240
3.8507268 3.1107557 6.0 240 140 140
4.1099563 3.1107557 -6.0 140 140 240
4.1099563 3.1107557 6.0 240 140 140
4.369186 3.1107557 -6.0 140 140 240
4.369186 3.1107557 6.0 240 140 140
4.6284156 3.1107557 -6.0 140 140 240
4.6284156 3.1107557 6.0 240 140 140
4.8876452 3.1107557 -6.0 140 140 240
4.8876452 3.1107557 6.0 240 140 140
5.146875 3.1107557 -6.0 140 140 240
5.146875 3.1107557 6.0 240 140 140
5.4061046 3.1107557 -6.0 140 140 240
5.4061046 3.1107557 6.0 240 140 140
5.665334 3.1107557 -6.0 140 140 240
5.665334 3.1107557 6.0 240 140 140
5.924564 3.1107557 -6.0 140 140 240
5.924564 3.1107557 6.0 240 140 140
-6.0 3.1107557 -6 140 240 140
6.0 3.1107557 -6 230 230 140
-6.0 3.1107557 -5.7407703 140 240 140
6.0 3.1107557 -5.7407703 230 230 140
-6.0 3.1107557 -5.4815407 140 240 140
6.0 3.1107557 -5.4815407 230 230 140
-6.0 3.1107557 -5.222311 140 240 140
6.0 3.1107557 -5.222311 230 230 140
-6.0 3.1107557 -4.9630814 140 240 140
6.0 3.1107557 -4.9630814 230 230 140
-6.0 3.1107557 -4.7038517 140 240 140
6.0 3.1107557 -4.7038517 230 230 140
-6.0 3.1107557 -4.444622 140 240 140
6.0 3.1107557 -4.444622 230 230 140
-6.0 3.1107557 -4.1853924 140 240 140
6.0 3.1107557 -4.1853924 230 230 140
-6.0 3.1107557 -3.9261627 140 240 140
6.0 3.1107557 -3.9261627 230 230 140
-6.0 3.1107557 -3.666933 140 240 140
6.0 3.1107557 -3.666933 230 230 140
-6.0 3.1107557 -3.4077034 140 240 140
6.0 3.1107557 -3.4077034 230 230 140
-6.0 3.1107557 -3.1484737 140 240 140
6.0 3.1107557 -3.1484737 230 230 140
-6.0 3.1107557 -2.889244 140 240 140
6.0 3.1107557 -2.889244 230 230 140
-6.0 3.1107557 -2.6300144 140 240 140
6.0 3.1107557 -2.6300144 230 230 140
-6.0 3.1107557 -2.3707848 140 240 140
6.0 3.1107557 -2.3707848 230 230 140
-6.0 3.1107557 -2.111555 140 240 140
6.0 3.1107557 -2.111555 230 230 140
-6.0 3.1107557 -1.8523254 140 240 140
6.0 3.1107557 -1.8523254 230 230 140
-6.0 3.1107557 -1.5930958 140 240 140
6.0 3.1107557 -1.5930958 230 230 140
-6.0 3.1107557 -1.3338661 140 240 140
6.0 3.1107557 -1.3338661 230 230 140
-6.0 3.1107557 -1.0746365 140 240 140
6.0 3.1107557 -1.0746365 230 230 140
-6.0 3.1107557 -0.8154068 140 240 140
6.0 3.1107557 -0.8154068 230 230 140
-6.0 3.1107557 -0.55617714 140 240 140
6.0 3.1107557 -0.55617714 230 230 140
-6.0 3.1107557 -0.2969475 140 240 140
6.0 3.1107557 -0.2969475 230 230 140
-6.0 3.1107557 -0.03771788 140 240 140
6.0 3.1107557 -0.03771788 230 230 140
-6.0 3.1107557 0.22151175 140 240 140
6.0 3.1107557 0.22151175 230 230 140
-6.0 3.1107557 0.48074138 140 240 140
6.0 3.1107557 0.48074138 230 230 140
-6.0 3.1107557 0.73997104 140 240 140
6.0 3.1107557 0.73997104 230 230 140
-6.0 3.1107557 0.9992007 140 240 140
6.0 3.1107557 0.9992007 230 230 140
-6.0 3.1107557 1.2584304 140 240 140
6.0 3.1107557 1.2584304 230 230 140
-6.0 3.1107557 1.51766 140 240 140
6.0 3.1107557 1.51766 230 230 140
-6.0 3.1107557 1.7768897 140 240 140
6.0 3.1107557 1.7768897 230 230 140
-6.0 3.1107557 2.0361192 140 240 140
6.0 3.1107557 2.0361192 230 230 140
-6.0 3.1107557 2.295349 140 240 140
6.0 3.1107557 2.295349 230 230 140
-6.0 3.1107557 2.5545785 140 240 140
6.0 3.1107557 2.5545785 230 230 140
-6.0 3.1107557 2.8138082 140 240 140
6.0 3.1107557 2.8138082 230 230 140
-6.0 3.1107557 3.0730379 140 240 140
6.0 3.1107557 3.0730379 230 230 140
-6.0 3.1107557 3.3322675 140 240 140
6.0 3.1107557 3.3322675 230 230 140
-6.0 3.1107557 3.5914972 140 240 140
6.0 3.1107557 3.5914972 230 230 140
-6.0 3.1107557 3.8507268 140 240 140
6.0 3.1107557 3.8507268 230 230 140
-6.0 3.1107557 4.1099563 140 240 140
6.0 3.1107557 4.1099563 230 230 140
-6.0 3.1107557 4.369186 140 240 140
6.0 3.1107557 4.369186 230 230 140
-6.0 3.1107557 4.6284156 140 240 140
6.0 3.1107557 4.6284156 230 230 140
-6.0 3.1107557 4.8876452 140 240 140
6.0 3.1107557 4.8876452 230 230 140
-6.0 3.1107557 5.146875 140 240 140
6.0 3.1107557 5.146875 230 230 140
-6.0 3.1107557 5.4061046 140 240 140
6.0 3.1107557 5.4061046 230 230 140
-6.0 3.1107557 5.665334 140 240 140
6.0 3.1107557 5.665334 230 230 140
-6.0 3.1107557 5.924564 140 240 140
6.0 3.1107557 5.924564 230 230 140
-6 3.3699853 -6.0 140 140 240
-6 3.3699853 6.0 240 140 140
-5.7407703 3.3699853 -6.0 140 140 240
-5.7407703 3.3699853 6.0 240 140 140
-5.4815407 3.3699853 -6.0 140 140 240
-5.4815407 3.3699853 6.0 240 140 140
-5.222311 3.3699853 -6.0 140 140 240
-5.222311 3.3699853 6.0 240 140 140
-4.9630814 3.3699853 -6.0 140 140 240
-4.9630814 3.3699853 6.0 240 140 140
-4.7038517 3.3699853 -6.0 140 140 240
-4.7038517 3.3699853 6.0 240 140 140
-4.444622 3.3699853 -6.0 140 140 240
-4.444622 3.3699853 6.0 240 140 140
-4.1853924 3.3699853 -6.0 140 140 240
-4.1853924 3.3699853 6.0 240 140 140
-3.9261627 3.3699853 -6.0 140 140 240
-3.9261627 3.3699853 6.0 240 140 140
-3.666933 3.3699853 -6.0 140 140 240
-3.666933 3.3699853 6.0 240 140 140
-3.4077034 3.3699853 -6.0 140 140 240
-3.4077034 3.3699853 6.0 240 140 140
-3.1484737 3.3699853 -6.0 140 140 240
-3.1484737 3.3699853 6.0 240 140 140
-2.889244 3.3699853 -6.0 140 140 240
-2.889244 3.3699853 6.0 240 140 140
-2.6300144 3.3699853 -6.0 140 140 240
-2.6300144 3.3699853 6.0 240 140 140
-2.3707848 3.3699853 -6.0 140 140 240
-2.3707848 3.3699853 6.0 240 140 140
-2.111555 3.3699853 -6.0 140 140 240
-2.111555 3.3699853 6.0 240 140 140
-1.8523254 3.3699853 -6.0 140 140 240
-1.8523254 3.3699853 6.0 240 140 140
-1.5930958 3.3699853 -6.0 140 140 240
-1.5930958 3.3699853 6.0 240 140 140
-1.3338661 3.3699853 -6.0 140 140 240
-1.3338661 3.3699853 6.0 240 140 140
-1.0746365 3.3699853 -6.0 140 140 240
-1.0746365 3.3699853 6.0 240 140 140
-0.8154068 3.3699853 -6.0 140 140 240
-0.8154068 3.3699853 6.0 240 140 140
-0.55617714 3.3699853 -6.0 140 140 240
-0.55617714 3.3699853 6.0 240 140 140
-0.2969475 3.3699853 -6.0 140 140 240
-0.2969475 3.3699853 6.0 240 140 140
-0.03771788 3.3699853 -6.0 140 140 240
-0.03771788 3.3699853 6.0 240 140 140
0.22151175 3.3699853 -6.0 140 140 240
0.22151175 3.3699853 6.0 240 140 140
0.48074138 3.3699853 -6.0 140 140 240
0.48074138 3.3699853 6.0 240 140 140
0.73997104 3.3699853 -6.0 140 140 240
0.73997104 3.3699853 6.0 240 140 140
0.9992007 3.3699853 -6.0 140 140 240
0.9992007 3.3699853 6.0 240 140 140
1.2584304 3.3699853 -6.0 140 140 240
1.2584304 3.3699853 6.0 240 140 140
1.51766 3.3699853 -6.0 140 140 240
1.51766 3.3699853 6.0 240 140 140
1.7768897 3.3699853 -6.0 140 140 240
1.7768897 3.3699853 6.0 240 140 140
2.0361192 3.3699853 -6.0 140 140 240
2.0361192 3.3699853 6.0 240 140 140
2.295349 3.3699853 -6.0 140 140 240
2.295349 3.3699853 6.0 240 140 140
2.5545785 3.3699853 -6.0 140 140 240
2.5545785 3.3699853 6.0 240 140 140
2.8138082 3.3699853 -6.0 140 140 240
2.8138082 3.3699853 6.0 240 140 140
3.0730379 3.3699853 -6.0 140 140 240
3.0730379 3.3699853 6.0 240 140 140
3.3322675 3.3699853 -6.0 140 140 240
3.3322675 3.3699853 6.0 240 140 140
3.5914972 3.3699853 -6.0 140 140 240
3.5914972 3.3699853 6.0 240 140 140
3.8507268 3.3699853 -6.0 140 140 240
3.8507268 3.3699853 6.0 240 140 140
4.1099563 3.3699853 -6.0 140 140 240
4.1099563 3.3699853 6.0 240 140 140
4.369186 3.3699853 -6.0 140 140 240
4.369186 3.3699853 6.0 240 140 140
4.6284156 3.3699853 -6.0 140 140 240
4.6284156 3.3699853 6.0 240 140 140
4.8876452 3.3699853 -6.0 140 140 240
4.8876452 3.3699853 6.0 240 140 140
5.146875 3.3699853 -6.0 140 140 240
5.146875 3.3699853 6.0 240 140 140
5.4061046 3.3699853 -6.0 140 140 240
5.4061046 3.3699853 6.0 240 140 140
5.665334 3.3699853 -6.0 140 140 240
5.665334 3.3699853 6.0 240 140 140
5.924564 3.3699853 -6.0 140 140 240
5.924564 3.3699853 6.0 240 140 140
-6.0 3.3699853 -6 140 240 140
6.0 3.3699853 -6 230 230 140
-6.0 3.3699853 -5.7407703 140 240 140
6.0 3.3699853 -5.7407703 230 230 140
-6.0 3.3699853 -5.4815407 140 240 140
6.0 3.3699853 -5.4815407 230 230 140
-6.0 3.3699853 -5.222311 140 240 140
6.0 3.3699853 -5.222311 230 230 140
-6.0 3.3699853 -4.9630814 140 240 140
6.0 3.3699853 -4.9630814 230 230 140
-6.0 3.3699853 -4.7038517 140 240 140
6.0 3.3699853 -4.7038517 230 230 140
-6.0 3.3699853 -4.444622 140 240 140
6.0 3.3699853 -4.444622 230 230 140
-6.0 3.3699853 -4.1853924 140 240 140
6.0 3.3699853 -4.1853924 230 230 140
-6.0 3.3699853 -3.9261627 140 240 140
6.0 3.3699853 -3.9261627 230 230 140
-6.0 3.3699853 -3.666933 140 240 140
6.0 3.3699853 -3.666933 230 230 140
-6.0 3.3699853 -3.4077034 140 240 140
6.0 3.3699853 -3.4077034 230 230 140
-6.0 3.3699853 -3.1484737 140 240 140
6.0 3.3699853 -3.1484737 230 230 140
-6.0 3.3699853 -2.889244 140 240 140
6.0 3.3699853 -2.889244 230 230 140
-6.0 3.3699853 -2.6300144 140 240 140
6.0 3.3699853 -2.6300144 230 230 140
-6.0 3.3699853 -2.3707848 140 240 140
6.0 3.3699853 -2.3707848 230 230 140
-6.0 3.3699853 -2.111555 140 240 140
6.0 3.3699853 -2.111555 230 230 140
-6.0 3.3699853 -1.8523254 140 240 140
6.0 3.3699853 -1.8523254 230 230 140
-6.0 3.3699853 -1.5930958 140 240 140
6.0 3.3699853 -1.5930958 230 230 140
-6.0 3.3699853 -1.3338661 140 240 140
6.0 3.3699853 -1.3338661 230 230 140
-6.0 3.3699853 -1.0746365 140 240 140
6.0 3.3699853 -1.0746365 230 230 140
-6.0 3.3699853 -0.8154068 140 240 140
6.0 3.3699853 -0.8154068 230 230 140
-6.0 3.3699853 -0.55617714 140 240 140
6.0 3.3699853 -0.55617714 230 230 140
-6.0 3.3699853 -0.2969475 140 240 140
6.0 3.3699853 -0.2969475 230 230 140
-6.0 3.3699853 -0.03771788 140 240 140
6.0 3.3699853 -0.03771788 230 230 140
-6.0 3.3699853 0.22151175 140 240 140
6.0 3.3699853 0.22151175 230 230 140
-6.0 3.3699853 0.48074138 140 240 140
6.0 3.3699853 0.48074138 230 230 140
-6.0 3.3699853 0.73997104 140 240 140
6.0 3.3699853 0.73997104 230 230 140
-6.0 3.3699853 0.9992007 140 240 140
6.0 3.3699853 0.9992007 230 230 140
-6.0 3.3699853 1.2584304 140 240 140
6.0 3.3699853 1.2584304 230 230 140
-6.0 3.3699853 1.51766 140 240 140
6.0 3.3699853 1.51766 230 230 140
-6.0 3.3699853 1.7768897 140 240 140
6.0 3.3699853 1.7768897 230 230 140
-6.0 3.3699853 2.0361192 140 240 140
6.0 3.3699853 2.0361192 230 230 140
-6.0 3.3699853 2.295349 140 240 140
6.0 3.3699853 2.295349 230 230 140
-6.0 3.3699853 2.5545785 140 240 140
6.0 3.3699853 2.5545785 230 230 140
-6.0 3.3699853 2.8138082 140 240 140
6.0 3.3699853 2.8138082 230 230 140
-6.0 3.3699853 3.0730379 140 240 140
6.0 3.3699853 3.0730379 230 230 140
-6.0 3.3699853 3.3322675 140 240 140
6.0 3.3699853 3.3322675 230 230 140
-6.0 3.3699853 3.5914972 140 240 140
6.0 3.3699853 3.5914972 230 230 140
-6.0 3.3699853 3.8507268 140 240 140
6.0 3.3699853 3.8507268 230 230 140
-6.0 3.3699853 4.1099563 140 240 140
6.0 3.3699853 4.1099563 230 230 140
-6.0 3.3699853 4.369186 140 240 140
6.0 3.3699853 4.369186 230 230 140
-6.0 3.3699853 4.6284156 140 240 140
6.0 3.3699853 4.6284156 230 230 140
-6.0 3.3699853 4.8876452 140 240 140
6.0 3.3699853 4.8876452 230 230 140
-6.0 3.3699853 5.146875 140 240 140
6.0 3.3699853 5.146875 230 230 140
-6.0 3.3699853 5.4061046 140 240 140
6.0 3.3699853 5.4061046 230 230 140
-6.0 3.3699853 5.665334 140 240 140
6.0 3.3699853 5.665334 230 230 140
-6.0 3.3699853 5.924564 140 240 140
6.0 3.3699853 5.924564 230 230 140
-6 3.629215 -6.0 140 140 240
-6 3.629215 6.0 240 140 140
-5.7407703 3.629215 -6.0 140 140 240
-5.7407703 3.629215 6.0 240 140 140
-5.4815407 3.629215 -6.0 140 140 240
-5.4815407 3.629215 6.0 240 140 140
-5.222311 3.629215 -6.0 140 140 240
-5.222311 3.629215 6.0 240 140 140
-4.9630814 3.629215 -6.0 140 140 240
-4.9630814 3.629215 6.0 240 140 140
-4.7038517 3.629215 -6.0 140 140 240
-4.7038517 3.629215 6.0 240 140 140
-4.444622 3.629215 -6.0 140 140 240
-4.444622 3.629215 6.0 240 140 140
-4.1853924 3.629215 -6.0 140 140 240
-4.1853924 3.629215 6.0 240 140 140
-3.9261627 3.629215 -6.0 140 140 240
-3.9261627 3.629215 6.0 240 140 140
-3.666933 3.629215 -6.0 140 140 240
-3.666933 3.629215 6.0 240 140 140
-3.4077034 3.629215 -6.0 140 140 240
-3.4077034 3.629215 6.0 240 140 140
-3.1484737 3.629215 -6.0 140 140 240
-3.1484737 3.629215 6.0 240 140 140
-2.889244 3.629215 -6.0 140 140 240
-2.889244 3.629215 6.0 240 140 140
-2.6300144 3.629215 -6.0 140 140 240
-2.6300144 3.629215 6.0 240 140 140
-2.3707848 3.629215 -6.0 140 140 240
-2.3707848 3.629215 6.0 240 140 140
-2.111555 3.629215 -6.0 140 140 240
-2.111555 3.629215 6.0 240 140 140
-1.8523254 3.629215 -6.0 140 140 240
-1.8523254 3.629215 6.0 240 140 140
-1.5930958 3.629215 -6.0 140 140 240
-1.5930958 3.629215 6.0 240 140 140
-1.3338661 3.629215 -6.0 140 140 240
-1.3338661 3.629215 6.0 240 140 140
-1.0746365 3.629215 -6.0 140 140 240
-1.0746365 3.629215 6.0 240 140 140
-0.8154068 3.629215 -6.0 140 140 240
-0.8154068 3.629215 6.0 240 140 140
-0.55617714 3.629215 -6.0 140 140 240
-0.55617714 3.629215 6.0 240 140 140
-0.2969475 3.629215 -6.0 140 140 240
-0.2969475 3.629215 6.0 240 140 140
-0.03771788 3.629215 -6.0 140 140 240
-0.03771788 3.629215 6.0 240 140 140
0.22151175 3.629215 -6.0 140 140 240
0.22151175 3.629215 6.0 240 140 140
0.48074138 3.629215 -6.0 140 140 240
0.48074138 3.629215 6.0 240 140 140
0.73997104 3.629215 -6.0 140 140 240
0.73997104 3.629215 6.0 240 140 140
0.9992007 3.629215 -6.0 140 140 240
0.9992007 3.629215 6.0 240 140 140
1.2584304 3.629215 -6.0 140 140 240
1.2584304 3.629215 6.0 240 140 140
1.51766 3.629215 -6.0 140 140 240
1.51766 3.629215 6.0 240 140 140
1.7768897 3.629215 -6.0 140 140 240
1.7768897 3.629215 6.0 240 140 140
2.0361192 3.629215 -6.0 140 140 240
2.0361192 3.629215 6.0 240 140 140
2.295349 3.629215 -6.0 140 140 240
2.295349 3.629215 6.0 240 140 140
2.5545785 3.629215 -6.0 140 140 240
2.5545785 3.629215 6.0 240 140 140
2.8138082 3.629215 -6.0 140 140 240
2.8138082 3.629215 6.0 240 140 140
3.0730379 3.629215 -6.0 140 140 240
3.0730379 3.629215 6.0 240 140 140
3.3322675 3.629215 -6.0 140 140 240
3.3322675 3.629215 6.0 240 140 140
3.5914972 3.629215 -6.0 140 140 240
3.5914972 3.629215 6.0 240 140 140
3.8507268 3.629215 -6.0 140 140 240
3.8507268 3.629215 6.0 240 140 140
4.1099563 3.629215 -6.0 140 140 240
4.1099563 3.629215 6.0 240 140 140
4.369186 3.629215 -6.0 140 140 240
4.369186 3.629215 6.0 240 140 140
4.6284156 3.629215 -6.0 140 140 240
4.6284156 3.629215 6.0 240 140 140
4.8876452 3.629215 -6.0 140 140 240
4.8876452 3.629215 6.0 240 140 140
5.146875 3.629215 -6.0 140 140 240
5.146875 3.629215 6.0 240 140 140
5.4061046 3.629215 -6.0 140 140 240
5.4061046 3.629215 6.0 240 140 140
5.665334 3.629215 -6.0 140 140 240
5.665334 3.629215 6.0 240 140 140
5.924564 3.629215 -6.0 140 140 240
5.924564 3.629215 6.0 240 140 140
-6.0 3.629215 -6 140 240 140
6.0 3.629215 -6 230 230 140
-6.0 3.629215 -5.7407703 140 240 140
6.0 3.629215 -5.7407703 230 230 140
-6.0 3.629215 -5.4815407 140 240 140
6.0 3.629215 -5.4815407 230 230 140
-6.0 3.629215 -5.222311 140 240 140
6.0 3.629215 -5.222311 230 230 140
-6.0 3.629215 -4.9630814 140 240 140
6.0 3.629215 -4.9630814 230 230 140
-6.0 3.629215 -4.7038517 140 240 140
6.0 3.629215 -4.7038517 230 230 140
-6.0 3.629215 -4.444622 140 240 140
6.0 3.629215 -4.444622 230 230 140
-6.0 3.629215 -4.1853924 140 240 140
6.0 3.629215 -4.1853924 230 230 140
-6.0 3.629215 -3.9261627 140 240 140
6.0 3.629215 -3.9261627 230 230 140
-6.0 3.629215 -3.666933 140 240 140
6.0 3.629215 -3.666933 230 230 140
-6.0 3.629215 -3.4077034 140 240 140
6.0 3.629215 -3.4077034 230 230 140
-6.0 3.629215 -3.1484737 140 240 140
6.0 3.629215 -3.1484737 230 230 140
-6.0 3.629215 -2.889244 140 240 140
6.0 3.629215 -2.889244 230 230 140
-6.0 3.629215 -2.6300144 140 240 140
6.0 3.629215 -2.6300144 230 230 140
-6.0 3.629215 -2.3707848 140 240 140
6.0 3.629215 -2.3707848 230 230 140
-6.0 3.629215 -2.111555 140 240 140
6.0 3.629215 -2.111555 230 230 140
-6.0 3.629215 -1.8523254 140 240 140
6.0 3.629215 -1.8523254 230 230 140
-6.0 3.629215 -1.5930958 140 240 140
6.0 3.629215 -1.5930958 230 230 140
-6.0 3.629215 -1.3338661 140 240 140
6.0 3.629215 -1.3338661 230 230 140
-6.0 3.629215 -1.0746365 140 240 140
6.0 3.629215 -1.0746365 230 230 140
-6.0 3.629215 -0.8154068 140 240 140
6.0 3.629215 -0.8154068 230 230 140
-6.0 3.629215 -0.55617714 140 240 140
6.0 3.629215 -0.55617714 230 230 140
-6.0 3.629215 -0.2969475 140 240 140
6.0 3.629215 -0.2969475 230 230 140
-6.0 3.629215 -0.03771788 140 240 140
6.0 3.629215 -0.03771788 230 230 140
-6.0 3.629215 0.22151175 140 240 140
6.0 3.629215 0.22151175 230 230 140
-6.0 3.629215 0.48074138 140 240 140
6.0 3.629215 0.48074138 230 230 140
-6.0 3.629215 0.73997104 140 240 140
6.0 3.629215 0.73997104 230 230 140
-6.0 3.629215 0.9992007 140 240 140
6.0 3.629215 0.9992007 230 230 140
-6.0 3.629215 1.2584304 140 240 140
6.0 3.629215 1.2584304 230 230 140
-6.0 3.629215 1.51766 140 240 140
6.0 3.629215 1.51766 230 230 140
-6.0 3.629215 1.7768897 140 240 140
6.0 3.629215 1.7768897 230 230 140
-6.0 3.629215 2.0361192 140 240 140
6.0 3.629215 2.0361192 230 230 140
-6.0 3.629215 2.295349 140 240 140
6.0 3.629215 2.295349 230 230 140
-6.0 3.629215 2.5545785 140 240 140
6.0 3.629215 2.5545785 230 230 140
-6.0 3.629215 2.8138082 140 240 140
6.0 3.629215 2.8138082 230 230 140
-6.0 3.629215 3.0730379 140 240 140
6.0 3.629215 3.0730379 230 230 140
-6.0 3.629215 3.3322675 140 240 140
6.0 3.629215 3.3322675 230 230 140
-6.0 3.629215 3.5914972 140 240 140
6.0 3.629215 3.5914972 230 230 140
-6.0 3.629215 3.8507268 140 240 140
6.0 3.629215 3.8507268 230 230 140
-6.0 3.629215 4.1099563 140 240 140
6.0 3.629215 4.1099563 230 230 140
-6.0 3.629215 4.369186 140 240 140
6.0 3.629215 4.369186 230 230 140
-6.0 3.629215 4.6284156 140 240 140
6.0 3.629215 4.6284156 230 230 140
-6.0 3.629215 4.8876452 140 240 140
6.0 3.629215 4.8876452 230 230 140
-6.0 3.629215 5.146875 140 240 140
6.0 3.629215 5.146875 230 230 140
-6.0 3.629215 5.4061046 140 240 140
6.0 3.629215 5.4061046 230 230 140
-6.0 3.629215 5.665334 140 240 140
6.0 3.629215 5.665334 230 230 140
-6.0 3.629215 5.924564 140 240 140
6.0 3.629215 5.924564 230 230 140
-6 3.8884447 -6.0 140 140 240
-6 3.8884447 6.0 240 140 140
-5.7407703 3.8884447 -6.0 140 140 240
-5.7407703 3.8884447 6.0 240 140 140
-5.4815407 3.8884447 -6.0 140 140 240
-5.4815407 3.8884447 6.0 240 140 140
-5.222311 3.8884447 -6.0 140 140 240
-5.222311 3.8884447 6.0 240 140 140
-4.9630814 3.8884447 -6.0 140 140 240
-4.9630814 3.8884447 6.0 240 140 140
-4.7038517 3.8884447 -6.0 140 140 240
-4.7038517 3.8884447 6.0 240 140 140
-4.444622 3.8884447 -6.0 140 140 240
-4.444622 3.8884447 6.0 240 140 140
-4.1853924 3.8884447 -6.0 140 140 240
-4.1853924 3.8884447 6.0 240 140 140
-3.9261627 3.8884447 -6.0 140 140 240
-3.9261627 3.8884447 6.0 240 140 140
-3.666933 3.8884447 -6.0 140 140 240
-3.666933 3.8884447 6.0 240 140 140
-3.4077034 3.8884447 -6.0 140 140 240
-3.4077034 3.8884447 6.0 240 140 140
-3.1484737 3.8884447 -6.0 140 140 240
-3.1484737 3.8884447 6.0 240 140 140
-2.889244 3.8884447 -6.0 140 140 240
-2.889244 3.8884447 6.0 240 140 140
-2.6300144 3.8884447 -6.0 140 140 240
-2.6300144 3.8884447 6.0 240 140 140
-2.3707848 3.8884447 -6.0 140 140 240
-2.3707848 3.8884447 6.0 240 140 140
-2.111555 3.8884447 -6.0 140 140 240
-2.111555 3.8884447 6.0 240 140 140
-1.8523254 3.8884447 -6.0 140 140 240
-1.8523254 3.8884447 6.0 240 140 140
-1.5930958 3.8884447 -6.0 140 140 240
-1.5930958 3.8884447 6.0 240 140 140
-1.3338661 3.8884447 -6.0 140 140 240
-1.3338661 3.8884447 6.0 240 140 140
-1.0746365 3.8884447 -6.0 140 140 240
-1.0746365 3.8884447 6.0 240 140 140
-0.8154068 3.8884447 -6.0 140 140 240
-0.8154068 3.8884447 6.0 240 140 140
-0.55617714 3.8884447 -6.0 140 140 240
-0.55617714 3.8884447 6.0 240 140 140
-0.2969475 3.8884447 -6.0 140 140 240
-0.2969475 3.8884447 6.0 240 140 140
-0.03771788 3.8884447 -6.0 140 140 240
-0.03771788 3.8884447 6.0 240 140 140
0.22151175 3.8884447 -6.0 140 140 240
0.22151175 3.8884447 6.0 240 140 140
0.48074138 3.8884447 -6.0 140 140 240
0.48074138 3.8884447 6.0 240 140 140
0.73997104 3.8884447 -6.0 140 140 240
0.73997104 3.8884447 6.0 240 140 140
0.9992007 3.8884447 -6.0 140 140 240
0.9992007 3.8884447 6.0 240 140 140
1.2584304 3.8884447 -6.0 140 140 240
1.2584304 3.8884447 6.0 240 140 140
1.51766 3.8884447 -6.0 140 140 240
1.51766 3.8884447 6.0 240 140 140
1.7768897 3.8884447 -6.0 140 140 240
1.7768897 3.8884447 6.0 240 140 140
2.0361192 3.8884447 -6.0 140 140 240
2.0361192 3.8884447 6.0 240 140 140
2.295349 3.8884447 -6.0 140 140 240
2.295349 3.8884447 6.0 240 140 140
2.5545785 3.8884447 -6.0 140 140 240
2.5545785 3.8884447 6.0 240 140 140
2.8138082 3.8884447 -6.0 140 140 240
2.8138082 3.8884447 6.0 240 140 140
3.0730379 3.8884447 -6.0 140 140 240
3.0730379 3.8884447 6.0 240 140 140
3.3322675 3.8884447 -6.0 140 140 240
3.3322675 3.8884447 6.0 240 140 140
3.5914972 3.8884447 -6.0 140 140 240
3.5914972 3.8884447 6.0 240 140 140
3.8507268 3.8884447 -6.0 140 140 240
3.8507268 3.8884447 6.0 240 140 140
4.1099563 3.8884447 -6.0 140 140 240
4.1099563 3.8884447 6.0 240 140 140
4.369186 3.8884447 -6.0 140 140 240
4.369186 3.8884447 6.0 240 140 140
4.6284156 3.8884447 -6.0 140 140 240
4.6284156 3.8884447 6.0 240 140 140
4.8876452 3.8884447 -6.0 140 140 240
4.8876452 3.8884447 6.0 240 140 140
5.146875 3.8884447 -6.0 140 140 240
5.146875 3.8884447 6.0 240 140 140
5.4061046 3.8884447 -6.0 140 140 240
5.4061046 3.8884447 6.0 240 140 140
5.665334 3.8884447 -6.0 140 140 240
5.665334 3.8884447 6.0 240 140 140
5.924564 3.8884447 -6.0 140 140 240
5.924564 3.8884447 6.0 240 140 140
-6.0 3.8884447 -6 140 240 140
6.0 3.8884447 -6 230 230 140
-6.0 3.8884447 -5.7407703 140 240 140
6.0 3.8884447 -5.7407703 230 230 140
-6.0 3.8884447 -5.4815407 140 240 140
6.0 3.8884447 -5.4815407 230 230 140
-6.0 3.8884447 -5.222311 140 240 140
6.0 3.8884447 -5.222311 230 230 140
-6.0 3.8884447 -4.9630814 140 240 140
6.0 3.8884447 -4.9630814 230 230 140
-6.0 3.8884447 -4.7038517 140 240 140
6.0 3.8884447 -4.7038517 230 230 140
-6.0 3.8884447 -4.444622 140 240 140
6.0 3.8884447 -4.444622 230 230 140
-6.0 3.8884447 -4.1853924 140 240 140
6.0 3.8884447 -4.1853924 230 230 140
-6.0 3.8884447 -3.9261627 140 240 140
6.0 3.8884447 -3.9261627 230 230 140
-6.0 3.8884447 -3.666933 140 240 140
6.0 3.8884447 -3.666933 230 230 140
-6.0 3.8884447 -3.4077034 140 240 140
6.0 3.8884447 -3.4077034 230 230 140
-6.0 3.8884447 -3.1484737 140 240 140
6.0 3.8884447 -3.1484737 230 230 140
-6.0 3.8884447 -2.889244 140 240 140
6.0 3.8884447 -2.889244 230 230 140
-6.0 3.8884447 -2.6300144 140 240 140
6.0 3.8884447 -2.6300144 230 230 140
-6.0 3.8884447 -2.3707848 140 240 140
6.0 3.8884447 -2.3707848 230 230 140
-6.0 3.8884447 -2.111555 140 240 140
6.0 3.8884447 -2.111555 230 230 140
-6.0 3.8884447 -1.8523254 140 240 140
6.0 3.8884447 -1.8523254 230 230 140
-6.0 3.8884447 -1.5930958 140 240 140
6.0 3.8884447 -1.5930958 230 230 140
-6.0 3.8884447 -1.3338661 140 240 140
6.0 3.8884447 -1.3338661 230 230 140
-6.0 3.8884447 -1.0746365 140 240 140
6.0 3.8884447 -1.0746365 230 230 140
-6.0 3.8884447 -0.8154068 140 240 140
6.0 3.8884447 -0.8154068 230 230 140
-6.0 3.8884447 -0.55617714 140 240 140
6.0 3.8884447 -0.55617714 230 230 140
-6.0 3.8884447 -0.2969475 140 240 140
6.0 3.8884447 -0.2969475 230 230 140
-6.0 3.8884447 -0.03771788 140 240 140
6.0 3.8884447 -0.03771788 230 230 140
-6.0 3.8884447 0.22151175 140 240 140
6.0 3.8884447 0.22151175 230 230 140
-6.0 3.8884447 0.48074138 140 240 140
6.0 3.8884447 0.48074138 230 230 140
-6.0 3.8884447 0.73997104 140 240 140
6.0 3.8884447 0.73997104 230 230 140
-6.0 3.8884447 0.9992007 140 240 140
6.0 3.8884447 0.9992007 230 230 140
-6.0 3.8884447 1.2584304 140 240 140
6.0 3.8884447 1.2584304 230 230 140
-6.0 3.8884447 1.51766 140 240 140
6.0 3.8884447 1.51766 230 230 140
-6.0 3.8884447 1.7768897 140 240 140
6.0 3.8884447 1.7768897 230 230 140
-6.0 3.8884447 2.0361192 140 240 140
6.0 3.8884447 2.0361192 230 230 140
-6.0 3.8884447 2.295349 140 240 140
6.0 3.8884447 2.295349 230 230 140
-6.0 3.8884447 2.5545785 140 240 140
6.0 3.8884447 2.5545785 230 230 140
-6.0 3.8884447 2.8138082 140 240 140
6.0 3.8884447 2.8138082 230 230 140
-6.0 3.8884447 3.0730379 140 240 140
6.0 3.8884447 3.0730379 230 230 140
-6.0 3.8884447 3.3322675 140 240 140
6.0 3.8884447 3.3322675 230 230 140
-6.0 3.8884447 3.5914972 140 240 140
6.0 3.8884447 3.5914972 230 230 140
-6.0 3.8884447 3.8507268 140 240 140
6.0 3.8884447 3.8507268 230 230 140
-6.0 3.8884447 4.1099563 140 240 140
6.0 3.8884447 4.1099563 230 230 140
-6.0 3.8884447 4.369186 140 240 140
6.0 3.8884447 4.369186 230 230 140
-6.0 3.8884447 4.6284156 140 240 140
6.0 3.8884447 4.6284156 230 230 140
-6.0 3.8884447 4.8876452 140 240 140
6.0 3.8884447 4.8876452 230 230 140
-6.0 3.8884447 5.146875 140 240 140
6.0 3.8884447 5.146875 230 230 140
-6.0 3.8884447 5.4061046 140 240 140
6.0 3.8884447 5.4061046 230 230 140
-6.0 3.8884447 5.665334 140 240 140
6.0 3.8884447 5.665334 230 230 140
-6.0 3.8884447 5.924564 140 240 140
6.0 3.8884447 5.924564 230 230 140
